phage_id	H-10	H-118	H-119	H-120	H-124	H-147	H-161	H-169	H-193	H-314	O-121	O-122	O-123	O-152	O-39	O-418	O-420	O-434	O-445	O-90
group	NW	NW	NW	NW	NW	NW	NW	NW	NW	NW	O	O	O	O	O	O	O	O	O	O
ivig_2174	0.292816719	3.356303086	0.403804958	2.284969185	0.28536787	0.255997062	0.565878135	0.461224212	1.27561363	0.438515023	1.287857115	4.054321736	10.93002031	0.940716811	0.523050027	1.036063896	0	1.022701833	0.17278128	0.39498354
ivig_2749	0.216089083	1.246490409	4.92475523	0.192517166	0.108066987	0.166190486	0.118686146	3.896320863	4.780452402	0.119224599	3.25092381	0.405943745	6.863796961	0.619083942	0.484185045	0.206954253	0.556474186	0.18726141	0.72477599	0.724876744
ivig_2899	0.194106886	1.276344702	4.639139075	0.139818073	0.079284098	0.136900276	0.089366364	3.45310255	4.912268762	0.068397561	3.093633448	0.495730766	6.064915019	0.74862632	0.537087711	0.259715078	0.606731081	0.170910364	0.687215599	0.485160798
uvig_851	0.457671739	0.564942284	8.660052126	0.310648459	0.476050404	0.646352078	0.770505952	0.499079211	0.447668004	0.685397794	0.568635756	4.137229915	0.418658487	0.420551665	0.964261171	0.800784922	0.518622822	0.948548688	0.99713233	0.64110275
uvig_861	0.871799729	0.516628415	1.67455371	0.358840169	0.682732252	1.353253045	1.371894102	0.58851315	1.715639782	0.559536666	0.821640353	2.391646754	4.68997142	1.437022461	1.038180409	2.455138104	1.048386744	0.372842202	0.661396688	0.755987007
uvig_1270	9.26037504	66.06708513	96.82816421	52.70482384	1.981597588	0.251096118	8.229798593	3.166760029	14.93438247	0.182475091	68.66035785	67.42411098	26.8062379	11.95856921	0.870607357	0	0.833376374	0.182385943	6.362958205	24.77738288
uvig_4984	0.522497698	1.56282715	5.295994153	1.806541697	0.171857054	0.019577026	0.696723591	0.24690044	0.978144602	0	38.91599414	1.526873069	3.93519161	5.03580229	0.03111075	0.079231571	0.109958099	0	0	7.611868289
uvig_11105	0.121543077	0.371504657	18.89829201	0.175098568	0.044419197	0	1.18030253	0	0.558105615	0.182019885	0.304150116	1.16702075	0	0.214486282	0.21710888	0.184307969	0.12789191	0	0.107577712	0.122963048
uvig_11819	0.30929869	0.276864922	14.21425214	0.122535842	0.282591152	0.278132441	0.627616602	0.146155634	0.284049638	0.555837615	0.299041927	0.490661735	0	0.146950838	0.331494776	0.469020651	0.130181993	0.138891515	0.301136114	0.156456091
uvig_16314	0.105683704	0.155746321	3.188099465	0.551910177	0.019311611	0.019798868	0.704618697	0	0.513279045	0	0.324568872	4.511197641	0.314193495	0.731651288	0.723655669	0.080129404	0.222408235	0	0.233851472	0.427673565
uvig_19655	0.491670561	5.031778151	3.941059103	1.549439539	0.224607725	0	1.10457246	0	1.519585252	0	4.669772875	9.92923289	5.603249433	1.485012679	0.219564222	0.186392356	0.129338273	0	0.217588674	5.347207794
uvig_22024	0.302125077	1.769976083	3.072731232	1.069990472	0.588878871	0.301868524	0.408706794	0.475886079	0.782584084	0.150818329	8.648634577	6.705740141	11.57687697	12.60440591	0.239856567	0	0.211937769	0.602978586	0.178273828	1.528273805
uvig_25407	0.936429458	8.951864591	1.545032498	3.15580894	0.684455997	0.250616325	0.872524936	1.2642836	0.661527456	0.400678121	53.9269449	2.233868127	4.90508639	3.976922085	0.398265911	0.405714853	0.28152688	0.200241184	1.065642694	0.541354074
uvig_31763	0.133346383	0.232904149	2.919246382	0.864462425	0	0.024981216	0.086972521	0.315056705	1.318809549	0	0.735627669	1.099433216	0.330361294	0.262467288	0.079397594	0.101103253	0.070155882	0.199598659	0.059012406	0.67452125
uvig_32553	0.083483965	0.218720913	8.634557894	0.320718613	0.030510093	0.052133171	0.056467447	0	0.09829346	0.083349004	0.297539577	0.360133912	0.303348887	0.117103384	0.231972205	0.21099186	0.05856318	0.041654142	0.172413762	0.112612395
uvig_33153	0.467056154	0.652612024	0.241532815	0.319606111	0.751038578	0.384994127	0.460326861	0	0.808365909	1.328958152	2.815658922	0.409457572	0.092569305	0.456486077	0.166857777	0.849892954	0.491452946	0.559287952	0.744104068	1.323035571
uvig_35295	3.05576403	20.60478134	13.02696447	14.2860649	1.052332592	0.352288753	2.299686002	0	2.760647289	0.17600908	14.13046751	12.51143604	9.667016694	3.5737192	0.384888787	0.178221605	0.309171405	0.35184618	0.780188969	7.966465145
uvig_51406	0.800304886	18.50365092	16.12708105	6.73030473	0.760447588	0.299859487	3.758276992	1.134525351	7.999902886	0.119851666	9.221466449	18.5425289	5.789569051	8.940900135	0.285912289	1.213582633	0.505265404	0.359379336	1.31044643	7.772685444
uvig_55294	1.786203845	1.894165383	5.823804051	2.92248624	1.417480321	1.032568948	1.346240558	3.13504522	1.153681054	1.06998975	14.16406395	17.49148355	20.43206447	20.61682778	0.729290104	0.464331461	0.322201138	1.375029005	1.355115478	2.271747418
uvig_55870	0.295903304	0.784470648	0.473642778	0.114184042	0.339871639	0.229658277	0.287963829	0.199751135	0.291158315	0.158263363	0.476016543	0.220588212	0.251345396	10.51816985	0.251696906	0.192303378	0	0.126548834	0.149659345	0.427657571
uvig_64107	0.069943977	0.305412154	2.531951634	1.914504048	0.025561762	0	0.740050725	0.330512434	0.518814885	0	0.978566873	5.781440029	0.623822077	0.778556463	0.145762051	0.053031537	0.073597518	0	0.123814752	1.132177957
uvig_74555	0.087428889	0.439024538	0.241135267	0.188928982	0	0	1.292538352	139.4332077	0.401458931	0	0.338118516	0.072997077	0	0.166153287	0	0	0	0	0.077383262	0.176900617
uvig_74768	10.03855998	16.51896091	2.705233467	93.78097767	0.432553839	0	3.71053976	0.41428901	1.08386898	0	4.108641271	0.896711066	6.603093294	0.416543073	0.730836233	0.39884217	0.092252634	0.262465549	0.775993363	1.862642968
uvig_75025	0.092839544	0.138989564	0.800182023	0.191067721	0.058164322	0.069570531	0.10764932	57.03137343	2.033140995	0.079448107	0.398266668	1.15718223	1.577190354	5.285875725	0.307982236	0.020111703	0.935023666	0.039704646	0.04695556	0.214683828
uvig_77482	1.270247176	0.246514071	0.243294067	0.508321061	0.928450393	0.740348311	1.35013741	0.666934541	4.038067356	0.634096841	3.676345235	0.530284278	0	0.421496866	0.75633525	1.070112945	0.445532949	1.901361154	1.374138442	1.999024678
uvig_78016	1.314768867	3.54026588	6.289240296	3.867110809	0.800826861	0.574722932	0.889292233	1.035465523	1.238400034	0.32816085	6.754645002	5.19140057	2.822990543	2.573002507	0.521896346	0.664572003	0.230574357	0.984001578	0.969751011	0.665064562
uvig_83342	2.390023225	5.953319084	1.445714477	5.579449373	2.493328807	3.19122796	2.872053868	1.642732693	5.310780376	3.253853851	6.178520923	8.444610645	19.50767643	4.884225528	2.069929349	4.217288292	0.594423032	3.317309455	3.500039129	2.286057588
uvig_86209	0.110809997	0.205638235	0.353375521	0.179590696	0.242980077	0.352906937	0.289094451	0.26181012	0.117420253	0.248919437	9.768226557	1.075529718	0	0.308360503	0.230926138	0.336064644	0.291495462	0.290264131	0.147116803	0.224209149
uvig_88310	0.59982097	1.427427768	3.80500518	0.777707918	0.745317008	1.213606041	1.07803196	0	0.741536444	1.077932328	0.600398217	0.801294453	2.021010041	1.156207892	0.535721415	1.637223743	0.252461106	0.718270467	0.849441945	0.728194311
uvig_88880	0.35711823	6.023050529	0.430919204	1.168287277	0.348033639	0.423717787	0.465846499	0.281253704	0.346886601	0.445676136	20.27648512	10.41106855	2.123396906	5.195145116	0.425273302	1.263579845	0.250514925	1.514558559	0.605829875	0.602150652
uvig_92124	1.216651787	10.50702548	8.202613373	4.722673247	0.098808488	0.253253886	0.450650577	0.638794651	2.411337379	0	8.641620328	6.489961832	1.741546405	2.367224462	0.64393181	0	0.071122438	0	1.076857839	3.419071547
uvig_92258	4.73067346	15.16252258	20.26597566	10.55401504	2.873453274	3.774760286	3.028348847	1.034919814	2.212473434	2.623903226	2.177287252	2.340613464	6.641383463	1.611366934	2.490741696	3.653219691	1.797532152	4.065063032	3.508648567	3.722398745
uvig_93945	0.291592017	7.461209587	0.160846419	0.294053285	0	0.131104984	0.101432044	4.960387585	0.144193763	0	1.087888911	0.438226507	10.05594254	0.221661158	0	0	0.490917435	0	0	0.471997831
uvig_98139	0.053354666	0.139784705	2.244130067	0.595698461	0.038998048	0	0	0	2.751490869	0	0.825365657	0.534569485	0.2114951	1.34713554	0.031768632	0	0.449133284	0	0.283345118	0.215912005
uvig_98366	0.18845773	0.108006343	0.129945049	0.169686128	0	0	0.034143833	0	0.058245828	0	10.91909537	0.17701782	0	0.169482858	0	0.035722172	0	0	0	0
uvig_99078	1.590324652	1.257923493	8.79043963	0.798118278	1.333903654	1.152657522	1.405682385	0.246390202	0.884036101	1.249379974	4.45411028	2.655622231	1.033436644	4.805976763	0.589882696	1.581356659	0.713250604	1.560961983	0.553808061	1.371524882
uvig_99689	0.165580321	0.492551028	17.91765752	0.819981009	0.25718055	0.201629655	0.671978006	0	2.86581144	0.185976723	1.619728593	2.946413027	1.025549548	0.584397042	0.529923639	0.125543031	0.217786812	0.495695635	0.403026395	1.758905111
uvig_105790	0.241321653	0.79030285	2.350339112	1.325435229	0.132290306	0.31646571	0.559634629	10.26304615	2.962060405	0.090349324	2.168495169	4.029737858	0.119573297	7.468907457	0.43106588	1.006335675	0.63481787	0.180610366	0.106796832	0.488281958
uvig_106252	0.119436879	1.069124546	3.582395106	1.742151198	1.418607583	0	0.363534847	0.282192802	4.788253318	0.089432847	4.143557422	4.163374082	1.183603812	0.389112899	0.284462184	0	0.251351387	0	0.211427034	5.679115412
uvig_106649	0.032383816	0.183826183	10.3105233	0.769775942	0.023670013	0.012133619	0.33794718	0.076513049	1.973149237	0.048497196	0.563578648	0.53400538	0.256735497	0.457180084	0.231385091	0.049106831	0.034075393	0	0.200640286	1.048388848
uvig_108334	0.363394473	0.535535283	8.112110821	0.627129588	0.166007917	0.260967985	0.267741205	0.143098326	0.22997379	0.181403503	0.771578587	11.50426765	0.270089369	0.246646105	0.360622791	0.298486238	0.15932353	0.181314878	0.321640251	0.367639959
uvig_110632	0.814377728	1.343549966	3.30080998	1.749623238	0.724647084	0.774770764	0.535780443	5.487940283	3.769503152	0.805991099	2.593695544	0.880977516	3.761497233	0.697895838	1.049913447	1.116799655	0.78240243	0.80559733	0.896305704	0.745084927
uvig_111515	0.318301031	4.227519871	0.585265006	0.076425654	0	0	0.123025485	3.509557094	63.91625568	0	0.241369207	7.862047458	4.626338186	4.968917957	0	0	0.893140168	0	0.28172807	42.50659993
uvig_113131	0.727568628	2.981442493	35.90812846	11.7514523	0.081814649	0.04193947	4.510178295	2.115719461	3.064115429	0	4.367066496	34.99958855	7.542884025	5.454827197	0.299915717	1.782230171	0.353341548	0	0.0990724	4.076688233
uvig_120986	0.138577705	1.058930375	3.081547474	0.199639158	0.05064468	0.674992645	0.04017091	0.654833434	0.832118344	0	1.371348049	1.793393414	1.098629509	0.526717	0	0	0.145816345	0	0.245310103	0.560786753
uvig_121436	0.577274994	0.630171486	0.796083315	1.289041235	0.432491003	0.432588596	1.154649412	0.272784838	3.945540686	0.17290253	5.666679082	2.108683073	9.782430378	2.092280693	0.670260244	0.131307003	0.668172004	0.561658688	0.536493075	17.0533611
uvig_124379	0.572840964	17.48653315	4.111427619	2.982159592	0.152255097	0	0.784988018	0.246081442	4.506613126	0	1.386092827	2.17401179	1.8578549	0.777606724	0.248060419	2.132156263	0.21918671	0.467701767	0.092185678	1.896654709
uvig_125485	6.390646363	3.333903586	0.231919339	83.51314503	0.590028368	0	0	0	0.047521921	0	0.413190205	0.056165766	0	0.073052841	0.080108256	0	0	0.201385202	0.119081214	0.272223468
uvig_126335	14.45285134	22.89301849	4.203138208	122.8203342	2.227759789	0	6.526644918	1.858376366	1.371753597	0	9.494650172	1.128728284	7.599739624	1.441404577	0.585412922	0.149090539	0.155181628	0.147167726	0.30457645	5.172302726
uvig_130390	0.342253922	5.753672757	0.86529789	2.300952119	0.687941634	0.854908234	0.942519495	0	0.987270306	1.19595221	25.46016765	11.95422468	2.939465971	4.599488837	0.951001755	1.38398394	0.24008776	1.024601077	0.706833777	1.154174754
uvig_137671	0.406805809	600.6837866	0.239593783	0.201456934	0.253980417	0.298494331	0.275158057	10.57273427	6.831315756	0.152305561	1.557838174	34.10699484	49.38455493	5.089638856	0.343147567	0.257033535	0.107013852	0.202974869	0.180031801	0.274372309
uvig_139142	1.025276017	6.797809806	0.111623139	1.350717037	0.69023299	0.950270792	1.016760947	0.254990899	0.571809365	0.969743886	28.8973973	13.82045299	2.566825499	4.680734379	0.738994383	1.145589747	0.340683651	0.646180077	1.337326051	0.436738598
uvig_140214	0.308071314	1.143421045	11.89556485	2.618518458	0.225175807	0.138514371	0.553683082	0	5.549632805	0	9.895802763	10.67455716	0.854824975	2.308427715	0	0	0.58349429	0.18445381	0.218139003	4.986727481
uvig_142442	0.275223887	110.6297986	3.110150577	1.71814807	0.201166931	0.378111495	1.165702345	4.76864548	3.856156421	0.38927019	6.428070907	24.6325238	24.42567456	4.450044367	0.118354037	0.231860893	0.032177808	0.457741189	0.189467066	0.556878577
uvig_146874	0.184858911	2.878981719	2.166881152	2.929445629	0.090078179	0.184701936	0.339383746	0.582353396	0.457068447	0.184560066	4.037166824	3.31840477	1.46554206	1.405252471	0.146759164	0.373760164	0	0	0.109079015	1.620827791
uvig_149330	0.364723355	1.420044975	0.293397321	0.810039921	0.577598613	0.728827292	2.185004375	0.861729697	1.288268492	1.092401218	2.821029082	1.116568864	0	4.142304123	1.73731938	0.737422178	0.831511998	0.727911682	1.076054813	1.475937462
uvig_154730	0.099509703	0.293295364	2.384328118	0.645104856	0.036366868	0.037284451	0.59134046	0	1.79257947	0	0.237694867	0.415418606	0.295838434	0.270160199	0.177751301	0	0.157061425	0	0.088075985	0.805378087
uvig_160196	0.812967938	4.843003063	0.509076594	1.463982204	0.66697644	0.870297426	0.682942256	0.156799551	0.421941892	0.596316994	15.96928368	8.567765097	2.466246641	3.076479163	0.632242106	1.006355012	0.349156537	0.993376102	0.910460488	0.469980415
uvig_165405	0.608456876	3.066438965	1.188702716	0.693944166	0	0.113988787	0.940690664	8.146385467	0.358196522	0	0.4267911	3.852480584	4.220809517	42.19247216	0.241526422	0	9.39018329	0	0.359029901	3.590798115
uvig_166606	0.467092752	3.848748625	0.512924685	1.059206558	0.423598718	0.382431539	0.381128354	0.326991781	0.3360817	0.25907647	12.68424852	7.612029953	2.33155778	3.128020062	0.545935502	0.786999585	0.163830485	0.569689774	0.566543373	0.350036837
uvig_168075	1.609138197	4.259720362	1.188782349	1.272924964	1.197155704	1.722612622	1.807521007	3.530336857	1.918270873	1.979482903	6.837574547	4.078540202	4.44219711	7.621769616	1.266085807	1.742926981	0.574475832	1.462381259	2.085505046	1.220953147
uvig_168533	2.273301829	3.128598106	1.693441621	1.739836393	0.207700518	0.79092398	2.553566137	0	0.774293557	0.486348597	19.07015412	4.101143386	2.976930555	2.082988224	0.628446809	0.492462251	0.598012076	1.093749728	0.431163904	0.574965122
uvig_170240	0.704637081	4.246005718	5.247289557	2.766205034	0.128758518	0.052802905	0.735336794	0	2.165347276	0	6.572255272	10.9722284	9.63634833	2.582588418	0.167823042	0	0	0	0.43657173	3.849493983
uvig_174204	1.75592992	16.25044321	16.81591344	15.07246699	1.283446131	0.877219427	1.55530535	1.843877848	3.170044163	0.730454695	10.34155065	17.53187409	5.703672691	1.814183371	0.871268548	1.923055909	0.513236486	0.876117395	1.942715779	3.651579743
uvig_176146	1.700559587	6.608727653	2.872788933	5.00183152	2.568814566	2.952213249	1.692490059	1.607160801	2.783096152	1.528029402	3.481764847	6.412987651	17.30171786	5.155506548	1.41757483	2.578729204	1.07363324	3.224263855	1.856369392	2.293902644
uvig_176448	0.450677478	0.716875915	0.177571632	0.255066179	0.376468175	0.603073367	0.223958404	0.304232283	0.272892671	0.192835246	12.71313366	0.671936661	0.191406631	0.174792885	0.575022949	0.097629643	0.270982129	0.385482072	0.341909479	0.521077347
uvig_177481	0.497747162	6.873458587	0.214503602	1.717978647	0.197065849	0.248662247	0.336669582	0.784016168	0.27837098	0.248471249	29.64823193	17.93939592	3.20619593	6.272471223	0.395160596	0.628986654	0.174582369	0.620874645	0.991250423	0.33570818
uvig_183077	0.500143339	0.575090667	4.942964264	0.408295433	0.024371019	0.024985932	3.295914307	0.157558092	0.836188884	0	1.198465095	17.62209139	4.890270196	3.657131121	0.873538419	0.15168351	0.842029518	0	0.118047093	2.496199783
uvig_184507	0.102931323	0.146071978	2.44856948	1.334573302	0	0	0.089513206	0	0.309036156	0	0.199035963	0.257821612	0	0.02794496	0.122575495	0.156085098	0	0	0.182208917	0.208267711
uvig_194675	0.58363102	5.886187791	0.475084188	1.74581986	0.438437867	0.510243496	0.281971633	0.229823589	0.263412578	0.291343758	23.85084661	13.27869459	3.116775387	5.101233913	0.482649626	0.885018301	0.341176183	0.582402843	0.904000126	0.459238499
uvig_194720	0.104450614	0.604314299	0.696199203	0.520391526	0.038172576	0.143497638	0.277549686	0	0.28285274	0.052140879	18.74395897	0.639532962	0.345030632	0.586053642	0.269500267	0.105592634	0.036635539	0.260577028	0.277347547	0.387459952
uvig_195887	0.10641198	14.35770412	0.403551528	0.996451692	0	0.239223644	0.277620376	0	0.33827963	0	1.82769006	2.665399362	0.316358633	0.31778921	0.063360213	0	0	0.159282075	0.470925932	0.861241411
uvig_196581	0.684472675	0.217364898	0.729387191	0.392187596	0.432073371	0.606176511	0.450943095	0	0.40660992	0.372745173	0.821025217	0.467580562	0.369983699	0.87001471	0.592801804	0.754861545	0.065475116	0.931407668	0.385525888	0.692469272
uvig_197346	0.07474282	0.13054657	4.135807373	0.161515091	0.0546311	0	0.086665805	0	0.171603306	0	0.297558666	2.777026355	0	0.426132554	0.133510936	0.680040247	0	0	0.06615483	0
uvig_199299	0.059499654	0.389710127	10.18472895	0.653591887	0	0.022293423	0.086238808	0	0.136606261	0	0.906889374	7.315099711	9.552067046	0.16153639	0	0	0.062607633	0	0.105326223	0.240779119
uvig_201109	0.055056336	31.16548904	0.341661147	5.581848941	0.100604586	0.206285941	0.327174516	0.130081277	0.213915769	0.206127492	1.421569964	4.866886711	1.227602411	0.57173487	0.295036616	0.041743724	0.20276276	0.123616073	0.219286499	0.167098654
uvig_202392	0.135157669	0.663940576	1.164921036	0.462441365	0.049394792	0	0.137128284	0	0.477401199	0.607226275	2.905611699	1.805556928	0	1.320988788	0.563332539	0	0	0	0.837395861	0
uvig_204467	2.763580834	1182.508402	1.022242537	0.984956203	2.630155455	2.416079846	2.420010439	1.36031166	1.657415342	2.84533549	1.440750213	1.153699449	2.054004284	140.8900535	81.79513575	2.968408976	0.999603397	2.326864413	2.75179939	1.630922624
uvig_205716	1.694267332	7.870715321	4.951062739	4.407021402	1.253118215	1.49633959	1.42662812	1.207264623	2.346287097	1.530430424	4.986135415	7.196476815	12.57915	4.336943546	1.040832508	1.773962885	0.53766013	1.569937537	1.404382713	1.006670873
uvig_205844	0.257835452	0.39404577	2.37783767	0.696460147	0.80094377	0.386424762	0.822154843	0.609186286	0.751344984	0.965319872	7.405239192	7.238614253	12.52006609	12.56501527	0.767606669	0.977454442	0	0.578908957	0.342315029	0.521695413
uvig_207292	0.468503052	0.613719148	18.51719544	0.313364729	0.34243874	0.100308261	2.88110536	0.316265534	0.118202646	0.100231214	4.461152581	17.21137669	10.61212304	0.290730305	0.19925558	0	0.140850121	0.100182246	0.236955313	14.28700612
uvig_207325	3.731227136	37.74941089	31.35841593	25.96379369	0.566029373	0.26377774	4.918256365	1.996018442	8.330353591	0	38.56535849	27.56761337	10.18583374	4.950299989	1.341380225	0.854042905	0.3703895	0.210757089	5.171850775	14.24459823
uvig_210196	0.131485043	0.717665982	0.31731469	0.662974409	0	0	0.114344666	0	0.139328647	0	0.448675841	0.713575975	0	3.65894731	0.626314468	0.598151909	0.276706393	0.196812525	1.51290543	0.266042329
uvig_213354	0.265141354	49.13186565	0.491328236	0.15517552	0.024224674	0.17385126	0.028822194	6.421090947	2.31790421	0	1.801982033	88.06562146	9.918873135	2.420447679	0.177605371	0.050257556	0	0.099218774	0.234676469	0.335298703
uvig_216666	0.017553773	0.352585378	1.301142062	0.338233507	0.006415211	0.023019763	0.071238835	31.810707	0.279013872	0.052576185	0.91646996	70.27641391	0.26093338	0.548055131	0.146327048	0	0.036941397	0	0.093221009	0.568283231
uvig_217100	0.234376425	8.008188094	9.635807105	4.811507375	0.128482996	0.043908263	0.220808399	0	1.034824611	0	3.092480651	2.861938576	3.367827484	1.145360934	0.907096278	0.17770425	0	0	0.103723223	3.438161859
uvig_219929	0.519859553	0.646071219	0.317092739	0.187231279	0.643036794	0.659261446	0.591195548	0.755857888	0.395497297	0.71864189	5.976860491	0.600987848	0	0.309416503	0.309536689	0.848954856	0.252468251	0.299287832	0.566310658	0.323651076
uvig_223148	0.294633976	0.840837125	0.522399884	0.121273845	0.16920685	0.205017278	0.323332204	0	0.356811497	0.409719608	0.435673611	0.140570855	0.458823212	11.49007325	0.100246884	0.127652306	0.110722948	0.378017943	0.260780373	0.596152285
uvig_225910	3.199878331	24.144221	31.2422641	28.3274655	0.771823276	0.287744501	5.417072088	0	10.48876253	0.191682323	28.0695573	40.12859064	16.48939489	4.778065415	0.571585001	0	0.538723961	0	2.209124253	9.323314714
uvig_228107	0.880727331	0.892756032	7.764477749	1.948517294	0.459815815	0.377134051	3.628982025	1.189079553	3.688623574	0.188422187	1.316637857	4.070667686	3.989893669	2.59604946	1.4983026	0.953953757	0.595756503	0.564990398	0.334084836	3.182202654
uvig_229040	0.080125795	0.034987132	0.1104964	0.288579003	0	0	0.069680605	0	36.19809449	0	0.191393298	0.150523872	0	3.524060085	0.11927199	0	0	0	0	0
uvig_229270	11.79266315	35.13725057	0.094002968	30.00056068	0.946650911	0	0.829914558	0	0.120386727	0.408332914	0.806369711	0.113827263	0.405307789	0.555191721	0	0	0	0.306100066	0	0.275848212
uvig_229980	0.193898487	1.014584106	4.933402701	0.488837862	0.108655438	0.121083648	0.215461316	2.168447921	4.32390309	0.058075509	2.739246361	1.659391247	3.996737867	0.78962632	0.377142387	0.196018493	0.496465267	0.116094271	0.629271303	0.575413742
uvig_230359	0.93441432	0.52135172	0.536913124	0.261750422	1.252135666	1.050323459	0.993182865	0	0.770121206	1.243871649	1.310856137	0.758499918	0.411552152	0.535558003	0.927287357	1.88926164	0.327741227	1.243263952	0.82704961	0.630220633
uvig_234806	0.185246693	3.53212853	5.343412661	3.246941319	0.090267138	0	1.00238726	0	3.707839626	0	9.397674512	8.506749849	5.996850115	2.380529072	0.477967827	0.187272104	0.454820565	0.184856865	0.109307832	1.624227832
uvig_235440	0.269105471	2.967016106	16.90852987	1.526495262	0.196694852	0	5.148547991	0	1.306977276	0	3.091569243	25.38934399	9.2004598	2.191793922	0.240347655	0	0.070790565	0.20140438	0.952740428	7.350733582
uvig_239614	0.551022727	5.616238325	2.404621778	13.25992266	0.037095773	0.076063495	0.248002597	0.137041907	1.009008796	0	5.25822668	16.90742088	1.666908702	1.153478414	0.077705995	0.043977425	0.152580404	0	0.102675772	3.491461545
uvig_239813	4.681008739	15.84080138	12.93838876	14.49002038	1.5632477	1.844606007	2.620280492	1.144116357	4.019512488	1.087783768	18.98440847	14.21819357	8.797758842	3.023754175	0.648740977	1.713378759	0.976612195	1.6912814	2.285880444	3.265997446
uvig_244316	0.055660361	43.50458673	0.402977782	8.439573377	0	0.031282367	0.363033617	0	0.304733733	0	1.000318236	2.648935521	3.08888656	0.438227832	0.099424492	0	0	0	0	0.337863801
uvig_247884	0.453010028	1.038491899	1.616456232	1.297081662	0.430448931	0.780778727	0.604065384	1.284388911	0.816057579	0.474891572	0.721391346	3.006944782	4.489269989	0.799423864	1.321691201	0.755639035	0.429005805	0.949319124	0.92220554	0.183320992
uvig_252359	3.637575554	19.13321415	26.25905472	21.54980574	1.234433814	0.945708266	5.003307581	0.526192536	8.587565411	0.555871686	30.77857807	22.99536784	22.9529466	4.242520788	0.353616102	0.900574849	0.859253821	0.888960181	2.825377443	8.486698569
uvig_258701	2.084287175	0.546065578	1.006007867	0.675604356	2.247087804	3.12377592	2.749079222	1.969813155	1.361984283	2.497101235	1.280225263	0.870117833	0	3.069822289	2.109757702	4.898951488	0.87726417	2.651873849	2.49048196	1.265182563
uvig_260892	0.124696697	0.38114391	2.514934054	0.224552208	0	0	1.265147895	0	1.960007679	0.186742667	1.687862207	1.223329155	0.865009546	0.914059888	0.148494733	0.189090119	0.262420519	0	0.110368979	2.144609686
uvig_262416	0.603716577	1.133541828	7.555366055	3.326725037	0.132380745	0.31668206	0.647519911	0	1.215488257	0	0.892712323	4.990209794	1.076895384	0.491711416	0.287573717	0.183095209	0.381151116	0.361467679	0.374044451	0
uvig_266196	0.238620182	0.141406291	7.603773969	0.23326797	0.024916073	0.038317107	0.217395283	0.161081852	0.644177759	0	0.608756852	0.633271083	0.371594885	0.439601007	0.345051689	0.206767848	0.251084566	0.102050587	0.181030795	0.275894797
uvig_266663	0.173529898	0.088400983	0.039884012	0.062498082	0.147976097	0.151709726	0.083838088	0	0.040862588	0.086624684	2.598874035	0.024147578	0	0.031407907	0.03444127	0.350854405	0.060864758	0.086582363	0.204788292	0
uvig_270749	0.114389433	1.473478886	1.064793659	3.007468882	0.062707233	0	0.348171733	0.270267232	1.575771805	0	4.462878917	2.172790317	5.781279856	1.040367197	0.647046684	0	0.120364593	0	1.113706278	11.91976032
uvig_271051	0.459230771	0.037598303	0.098952503	0.020674422	0.398597954	0.591474482	0.515847096	0.271255452	0.18248464	1.031598843	2.389775785	0.047928242	0	0.062338582	0.273436876	0.348188858	0.120804701	0.171849142	0.254040567	0.116148975
uvig_271698	0.793191397	0.505092351	17.25076717	2.309196331	0	0.34672656	1.494547266	0	8.148262049	0	1.187924702	1.269331607	0.917049323	2.584134878	0.472284942	0	0.069551995	0	0.234017759	1.471173256
uvig_276225	0.239019852	0.509800598	0.450054133	0.192035267	0.228459914	0.220446356	0.303797209	0.347526634	0.565005512	0.137673144	1.020576396	1.412306497	0.109322557	0.394342557	0.426954241	0.195165274	0.251505112	0.16512706	0.325471295	0.446422683
uvig_280596	7.910857386	66.43063168	43.43353255	45.05391253	2.49932067	1.440474075	11.41241858	1.746816412	20.66966834	0.830404411	52.09741386	55.80315028	18.1701858	8.711349609	1.80488584	1.345348839	0.933542014	1.327997943	3.337352107	17.50249758
uvig_280979	0.315411476	0.688626116	1.214274369	1.135977857	0.038423481	0.07878591	0.274294468	0	0.575613201	0	1.447027162	2.348175387	4.792719119	2.055155411	0.438208079	0.159430027	0.331887072	0.157373866	0.279170527	0
uvig_282601	0.514890329	1.305732843	0.983149728	2.653241011	0.086848656	0.059359974	1.239976459	0	0.797423535	0	1.009147102	22.30508308	3.767996796	5.193671167	0.28299498	0	0.083351654	0.296427004	0	0.160278683
uvig_287346	2.410970454	8.422051047	4.892769548	6.690079602	1.501899752	2.0735901	1.763114402	1.553559689	2.883820943	2.954134869	12.10384948	7.685975619	18.35370816	12.4217168	1.500801126	2.326543235	0.403599014	2.952691618	1.939953315	2.328267593
uvig_293756	0.065725396	2.714940667	1.536309411	3.366085817	0.07686412	0.182233098	0.221008768	0.496924806	1.221129625	0.37402912	1.414455932	3.621826623	0.937915286	0.699479862	0.195672287	0.039866406	0.09682201	0	0.430483993	1.994797697
uvig_296212	0.20253308	169.3707986	0.098918934	0.170202184	0.037008923	0.050590274	0.097850493	7.975395013	5.383259089	0.151654247	1.654844015	95.41530515	10.40334534	1.69540079	0.271334232	0.102373746	0	0.151580156	0.328646852	0.136599497
uvig_296393	0.071495928	1.01461356	3.037973771	2.684415551	0.293950566	0.053576412	0.300516009	0.506769009	4.356254237	0	4.139369224	6.514124773	4.03853706	0.567757806	0.085140737	0.379457583	0.54542138	0	0.664450575	7.12462366
uvig_297218	0.09839403	0.687424058	3.205651773	2.834987266	0.143836535	0	0.584710528	0.464949978	0.868863533	0	1.992158228	1.663582284	3.21773741	1.21544716	0.058586136	0	0.414134666	0	0.696708025	2.488588845
uvig_300460	0.113188999	0.271833454	8.975276578	0.529956163	0.103415277	0	1.296043618	0	4.677705679	0	0.823984933	2.197240957	4.37458376	0.860435236	0.471767874	0.085819921	0.476405817	0	0.100183522	0.68706822
uvig_303877	0.144775683	0.537341696	0.524083764	0.378029771	0.661372458	1.044212002	0.818367805	0.684121286	0.281255564	0.216812455	31.31316946	0.483510736	0	0.805759471	0.732724395	2.195379003	0.533183266	0.650119593	0.512563514	0.952035997
uvig_306625	0.132330633	0.741542178	0.334562761	0.317732401	0.048361622	0.165272828	0.242946719	0.208437865	0.04674156	0.132116706	0.812810351	0.773408495	0.043712641	314.4357406	0.183849849	0	0	0.13205216	0.117125771	0.357004354
uvig_308234	0.330769788	3.430247389	0.152047875	0.73463004	0.120883299	0.289177797	0.2237283	0	0.27261229	0.165117531	17.39466694	6.973289985	0.327788523	2.963437079	0.196948165	0	0.116015876	0.165036862	0.390352214	0
uvig_309497	0.123920214	15.40784427	27.10750614	9.14931099	0.22643973	0	0.215531974	1.171142201	0.26262509	0	2.819078868	1.138112904	4.298115755	1.076584364	0	0	0.325983041	0.370978318	0.658090285	1.50441547
uvig_309747	1.000551124	0.493689308	0.317353211	0.172970841	1.067732854	1.349597019	0.823713013	0.378239389	0.55132374	1.198720349	6.965074777	0.601481522	0.039661322	0.423759863	0.524261614	0.667583886	0.379013456	1.138227975	1.062704711	0.647833869
uvig_318656	1.740566435	3.727034691	2.677262965	3.037946886	1.370079455	1.454814346	5.860605681	0.632680914	1.111368096	1.203059505	6.609552528	12.79980188	5.174635561	6.979180283	1.434980041	2.03030431	0.563533953	1.202471747	1.777585858	1.354539403
uvig_322655	0.164812583	0.151128251	0.551160246	0.480803655	0.16865098	0.271709841	0.286655263	0.311521367	0.820828241	0.197455375	0.397430602	0.98389084	0.293988797	0.214776885	0.186453299	0.724773405	0.069368644	0.345378088	0.218813292	0.466866582
uvig_322900	0.269349145	2.440448773	4.190333612	1.540003508	0.073827359	0.02523004	1.991012945	0.636389619	0.594618517	0	1.753986186	14.30849332	2.735945084	3.24496415	0.400942148	0	0.212563997	0	0	3.814942773
uvig_327352	1.63185835	1.498192772	23.18192586	5.274463248	0.336419377	0.721170591	1.225060472	4.349887383	4.892024867	0.501298545	4.787964355	12.52441703	6.385670151	10.29205231	1.170959333	2.157300542	1.629042517	0.87684386	0.814765455	16.84788208
uvig_328398	7.608307881	43.64491454	31.1960797	23.09288706	1.549459088	1.109811663	6.077742378	2.744443312	9.23149647	0.347908773	27.19112811	30.38004181	13.58303112	13.43421561	0.899117052	0.880705417	0.427787083	0.695477603	3.598378958	14.92433163
uvig_331758	0.042653453	0.335245295	0.985246226	0.192024473	0.062352612	0.015981462	0.160736996	0.201554117	0.572506735	0.063876748	5.642466434	0.694447331	0.295883088	0.330031193	0.279365634	0.129359424	0.044881466	0	0.28314411	0.863035339
uvig_349986	6.760470219	4.500317139	0.045700664	44.32829335	0.605560043	0	2.324772208	0	0.093643909	0	0.42218212	0.553384819	1.313634778	0.323895693	0	0	0	0.69446626	0.117327226	0
uvig_360064	0.038131869	0.249755664	2.504372105	0.878942454	0.027871386	0.028574617	0.160278178	0	0.26264281	0	0.255902885	0.429805898	0.075576365	0.09317224	0.204341561	0.173469542	0.040123697	0.114154876	0.067500993	0.540083015
uvig_366661	0.74846642	5.746580887	23.84008775	3.219813009	0.288731314	0.311596188	0.518306403	0.392977145	0.719678795	0	2.866206765	3.575917983	1.730680959	0.756363486	0.247585906	0.378324921	0.262520916	0.373445684	0.625663489	1.850959359
uvig_368605	0.021301005	767.0648582	0.110155742	0.291525178	0	0.023943282	0.148193666	0	0.594387956	0	1.274444476	8.963572664	0.506616406	0.358548346	0.240979336	0	0	0	0.075414033	0.086199447
uvig_371543	0.060685405	0.64258708	4.09022123	0.579191929	0	0.068213107	0.334238255	7.455814282	6.130460469	0	1.898243943	2.216730099	5.11176744	0.617833505	0.234867926	0.368093482	0.83011918	0.1816731	0.751976664	1.350676438
uvig_374792	0.242856355	0.265109613	7.556357012	0.28426619	0.044377205	0	0.211197625	0	0.686249864	0	2.513772335	6.513930469	1.323671056	1.499984635	0.253054244	0	0	0	0.161214022	0.122846806
uvig_378528	2.75744685	3.956151735	3.977230087	1.479538619	1.54245607	1.518119266	1.647596066	0.531836999	2.444888134	1.348402842	4.826335328	4.322643369	0.780741052	3.055603523	1.273270773	1.877360325	0.473711471	1.853148104	2.789273962	2.277274864
uvig_378623	0.138550527	1.240218021	14.32996805	4.491000125	0.151904244	0.155736985	1.104483364	9.820575146	3.768267449	0.622469453	4.412668381	12.81157214	7.276993078	11.67953959	1.113699576	1.470686504	2.697073334	0.414776896	0.73578598	23.12791688
uvig_380418	0.263936166	0.307329062	25.26611308	0.190117141	0.321527497	0.362604058	0.841608071	0.415733605	1.009959181	0.527018969	0.570410592	0.954929941	0.348743041	0.310510963	0.628615375	0.53364387	0.092574312	0.263380746	0.233609758	0
uvig_380984	0.123535587	0.997929372	10.6688006	2.257982153	0.02257369	0.115716268	0.420773376	0	3.076266891	0	0.695556413	1.224831115	1.040588252	0.9558569	0.073556014	0	0.064994249	0.092456717	0	0.749873014
uvig_382713	0.634173373	17.52009884	9.502303205	5.235682358	0.534843074	0.292446858	0.905029901	1.383099369	1.309546894	0.146111114	4.194899144	3.726801438	3.287316153	0.807886633	0.522833323	0.147947807	0.256653683	0.146039731	0.474951662	0.789639791
uvig_386381	3.61173573	19.11829779	20.41623506	14.25964138	2.988558851	3.012897996	4.148371989	1.288064375	3.658697428	3.265718004	65.71561628	105.3450955	23.63611258	12.11817813	1.136120067	2.686750438	1.36240598	1.836068922	5.730015236	11.99592482
uvig_388303	0.307668817	2.055468884	0.487929525	1.313089134	0.264235895	0.265139018	0.28539855	0.290770912	0.342323605	0.322530009	0.909896316	1.74037682	0.42685407	0.38841176	0.366386599	0.186619644	0.226617981	0.460532051	0.272317504	3.641780237
uvig_389121	0.106419995	2.579005166	0.495305087	0.479099396	0.116676921	0.03987361	0.215943222	0	0.187947282	0.159371933	5.483483156	0.444266686	12.5498376	0.433381562	0.380189912	0	0.335936609	0.159294072	0.470961401	0
uvig_392738	34.24750848	2.871095415	7.200659169	8.104801341	2.081735316	1.42284013	24.27896028	2.990749313	92.65133122	0.210629222	16.09396579	26.30440869	47.80706104	211.5224749	2.261100593	12.15678557	1.331942173	1.263157908	2.73870196	2.561220165
uvig_401215	2.64819749	4.865364221	1.429777233	1.655597274	2.885174316	2.415052274	2.433336016	3.541630431	1.588399789	2.768629425	33.38439568	8.59393826	2.376750791	3.133591757	1.547048564	2.954969424	1.104095498	2.617694274	3.051516104	2.426387324
uvig_413650	0.310167774	1.543965238	2.79095584	0.4915206	0.204037338	0.325399611	0.4855218	0	0.295803459	0.185799812	0.804389877	1.359585377	1.35243767	0.294727495	0.369362475	0.658473941	0.130547785	0.278563559	0.603964523	0.125516568
uvig_414386	5.344976323	4.22001235	0.385687554	90.81230883	0.545128699	0	2.432200679	0	0.373197793	0	1.060409648	0.467025241	0.615907148	0.674937039	0.148024441	0	0	0.279090445	0	0.25150795
uvig_416283	1.313546584	17.66097477	0.528333385	2.444265051	0.880090605	1.435471595	2.014912825	1.29312862	0.947268573	1.393387035	59.85127857	33.99833761	4.2305492	10.16356984	2.574467612	3.402765171	1.26698001	2.457716986	3.148760798	2.547044077
uvig_418142	0.051047302	0.557248358	0.219987798	0.25739091	0	0	0.096184359	0.241218313	0.126215777	0	0.760640012	2.258911274	0	88.0940917	0.060789545	0.077408148	0	0.03820491	0.090363879	0.413149444
uvig_418838	1.26033296	1.754169201	13.30690867	7.88683005	0.498985437	0.216435783	0.532795317	1.488890587	4.841248449	0	2.341505575	9.887149646	3.434676965	3.051010919	1.281988155	0.31852823	0.718340328	1.25768075	0.092960002	3.71891698
uvig_426811	0.061958748	0.21643556	0.170886757	0.167361775	0	0.069644402	0.04490151	0	0.109424722	0.092787878	0.366472218	0.2198579	366.8361364	0.075695678	0.18445853	0.093954269	0	0	0.082259482	0.250730414
uvig_433285	0.623958797	0.656038616	8.938614967	1.454788294	0.126017854	0.123045189	0.309388363	1.163860841	4.825457034	0.049180271	0.986146221	2.981824548	0.423071308	5.322707226	0.127098894	0.224093216	0.103666016	0.098312488	0.174399661	0.730919222
uvig_433958	1.881185503	9.402376116	25.612167	13.62305036	0.877788948	0.918816492	1.772283878	0.873059349	3.743568386	0.553381821	9.113119319	25.34792512	5.692559994	2.462426616	0.720065827	0.967856747	0.812988265	1.106222928	2.646218361	4.350087143
uvig_435637	0.10989642	2.339344382	4.300264735	2.671650809	0.060244205	0.082352325	0.62120717	0.259651617	2.115547884	0	12.20024187	8.028642281	3.920612829	1.670811707	0.392609587	0.166646973	0.231273773	0	0.194538524	2.890688438
uvig_436340	0.34708111	0.252589749	1.410983569	0.302092612	0.169125925	0.270926861	0.310219975	0.068337206	0.633409004	0.129945006	0.417819331	1.0565214	0.257964623	0.722426212	0.275547083	0.21929747	0.213039736	0.259763042	0.025600109	0.702272019
uvig_436701	1.115435652	5.001040061	2.224934805	2.109095283	1.455884629	1.582175593	1.443493411	0.941226132	1.407114057	2.147719684	3.026899696	2.727412658	4.500484304	4.79122044	1.850151093	1.449811754	0.754521883	1.788892007	2.256620556	1.289676718
uvig_440553	0.34240598	1.370530718	5.203931264	4.007901844	0.260699725	0.128293208	1.100094613	0	1.52187805	0.085463111	1.512450216	8.397881167	1.753152494	0.627481679	0.237856067	0.259612279	0.54043746	0.085421358	0.681892532	0.69281252
uvig_441164	0.641619717	0.246811919	10.09112766	0.324618149	0.10049429	0.137373188	0.123995163	0.144376293	4.332980825	0.091511781	0.378808732	0.650502688	0	6.109238695	0.109153021	0.277986395	0.09644784	0.182934146	0.108170907	0.618205398
uvig_443747	0.071060248	0.14997175	0.04355319	0.139338991	0	0.002958329	0.066374385	0.111929082	0.050199515	0.059121142	0.269426642	0.032961329	0.039122097	529.7231063	0.018804869	0.101769354	0.008308011	0.017727678	0	0.015975652
uvig_448159	6.018906393	27.58086045	3.466315081	1.231678319	3.24951645	3.997807152	3.033504547	1.292803115	2.295098523	2.048582786	3.827675362	2.427025593	10.98039191	4.400876683	2.117699647	5.393269783	1.4393876	3.890405695	3.692808847	3.321395138
uvig_451553	0.091032799	0.075524436	0.740671583	0.098358416	0	0.040929974	0.063332618	0	0.128617688	0	1.375089757	84.20714952	0.036084924	0.306461213	0.043362467	0	0	0	0.032229232	0.736770576
uvig_453172	0.12161282	0.584128017	5.038243543	0.131399281	0.051852132	0.030377388	0.182141162	0	0.071593059	0	0.179828196	0.253845738	0	0.874945835	0.144822305	0.122942484	0	0.06067845	0.035879814	0
uvig_454815	2.102218684	9.703928001	22.88168014	10.65707733	0.910312515	1.032566079	1.84353647	1.753023374	4.068378376	0.846582945	9.150799369	17.53732272	5.251944098	2.460391578	0.925634868	1.446567071	0.66918512	0.740398176	3.049001354	3.788882894
uvig_456586	0.096809748	1.96565836	1.33504181	2.47553924	0	0	0.36482177	1.143659077	0.615508999	0.144979867	6.816239108	2.162187668	1.055309106	0.617650631	0.17292845	0.293604678	0.101866629	0	0.342745023	0.489703814
uvig_460500	0.73575207	178.5687932	0.951214683	0.516723817	0.416776921	0.634047295	0.703823454	6.431921019	7.081753578	0.220368794	2.05037196	65.69960987	24.49845407	2.187265729	0.481892627	0.557847359	0.309673704	1.321566793	0.781456512	0.372173878
uvig_460930	0.026738419	0.102159738	0.576144641	0.173340724	0.004885918	0	0.073633871	8.275886128	0.08027817	0	0.580903735	64.71939503	0.105989691	0.511777016	0.03980172	0	0	0	0	0.0811524
uvig_462788	20.54666049	32.10645685	73.26453259	30.74038609	10.72038662	15.37270083	22.83158874	4.579761539	16.8884058	19.64259079	29.17693773	46.52900202	19.08087554	25.014371	25.54514121	37.62350343	8.702357868	19.82642286	32.42569246	41.18120644
uvig_469041	0.489957097	9.873377725	0.557426713	2.470463624	0.60880392	0.66088041	0.468694972	1.157618713	0.657634306	0.733747541	37.36174355	18.30634325	6.603358419	7.129823495	0.525117705	0.742971128	0.4124401	1.026744693	1.344348361	0.198272478
uvig_483976	0.179708267	0.674842617	7.769290792	0.155335841	0.183893576	0.363600223	0.17711905	2.122978254	2.754866742	6.459038948	1.71704793	0.105030783	3.027505121	0.439103098	0.299607162	13.59823322	0.245823983	0.161397084	0.445367131	0.618146427
uvig_498906	0.277454742	0.575468765	0.358706466	1.848656645	0.126748444	0.18192506	1.548250357	2.294392333	2.597053149	0	0.82054155	1.969071957	0.137477006	0.338969484	0	1.051831192	0	0.103826578	0.061393761	0
uvig_503101	4.378357312	0.616716405	23.76211612	1.882103951	3.53574185	3.86308881	3.316292497	2.33590423	7.133921986	2.961189147	1.140625122	31.80983888	6.71828857	0.805238884	2.14444934	3.855102207	1.783378791	3.3825628	2.500181736	2.286198212
uvig_503689	1.398553158	3.784046112	1.825335066	8.472941915	1.159137997	1.469105311	1.809877839	1.77018922	2.125939029	1.271623293	5.329161259	3.232013441	7.177229917	6.556519565	0.892212503	1.43909158	0.893475632	1.345766863	1.591532542	1.313828522
uvig_504185	0.811334066	5.535485678	2.56405263	16.43669942	0.148255286	0.05066532	0.823163411	1.277956109	2.818014892	0	4.445098413	4.149123036	1.876049989	2.51475088	0.362315637	0.205051214	0.142285717	0	0.059842612	3.693657448
uvig_505624	0.359560588	0.088314213	0.015495225	0.032374604	0.328513001	0.168400905	0.338745664	0.212382915	0.190504901	0.201925867	3.179856756	0.075052057	0	0.268448333	0.080284083	0.477083086	0.283756742	0.470930169	0.238685162	0.363761283
uvig_505859	0.086202079	0.094100893	0.059437909	0.279416871	0	0	0	0	13.8082246	0	0.245127946	0.395850263	0	0.163821809	0.02566338	0.065358433	0.272114597	0	0	0
uvig_505862	0.989885822	3.255278595	19.45251437	3.765686846	0.474815499	0.139084488	0.46629072	1.461748334	0.065558527	0	1.970417381	30.81243912	9.319156802	2.099573443	1.289315695	0.093816452	0.585895922	1.574310607	0	1.87771972
uvig_506290	0.712009462	0.704384494	0.214787797	0.112190529	0.439106653	0.650268497	0.541792982	0.210282564	0.314368186	0.466500838	15.46871397	0.566612479	0	0.440975623	0.794901178	0.944729991	0.374600725	0.932545856	1.18162348	0.450204854
uvig_507847	0.041726368	0.200419172	0.136662693	0.232934951	0.02287401	0.085987555	0.042334743	0	0.088431022	0.062488369	9.592061954	0.444192558	0	0.181253543	0.111801905	0.126547761	0.065858933	0.03122892	0.018465993	0.126641554
uvig_513534	0.186403466	0.217049461	18.03684637	1.633608427	0	0	0.540346431	0	4.455244871	0	0.692618173	0.855987027	2.093531773	0.3879864	0	0.188441525	0	0	0.109990405	1.005766355
uvig_515684	0.095025777	0.165972989	7.780738643	0.821381743	0	0	0.23414164	0	3.171874887	0	0.670144095	1.884323878	1.13003159	0.825557531	0.226322391	0	0.149984207	0	0	0.961359494
uvig_518590	0.089032027	0.369322582	13.84326683	1.475015114	0.097613074	0.033358659	0.154851642	0	0.251581708	0	0.34431842	6.560115509	5.646692616	0.265885641	0.106023555	0.2700164	0.093682637	0	0	0.90072176
uvig_518634	0.63890494	0.575395151	0.674571717	0.373922834	1.021538583	1.047313325	1.215412967	0.377384224	0.76164542	0.956808121	13.43536626	0.800162169	0	0.563735707	0.808390655	1.574358003	0.588243509	1.434511004	0.565494417	0
uvig_519284	0.311934448	0.558448577	23.33666849	3.224316087	0	0	1.853683147	0.294802265	1.840020326	0.093429052	0.702527947	19.66349892	14.40512942	0.169374985	0.111439894	0.094603503	0.065645684	0	0.110437205	0.252462987
uvig_525660	0.70086224	0.671298807	0.39751812	0.317561578	0.355287473	1.016516751	0.89786251	0.641002466	0.822528594	0.270862924	5.215236362	2.208550526	0.089618747	19.59863494	29.92516369	45.83700788	10.75281683	31.98005127	41.02200707	32.79929515
uvig_527169	1.811159715	14.26076614	15.42906506	8.543060162	0.875425884	1.094529284	1.422632233	0	2.785939209	0.962445946	7.549330945	12.21949604	10.07423817	2.870976034	0.76532137	0.531569667	1.045097531	0.69961872	0.982518491	1.891426308
uvig_527170	0.66603151	8.735117174	0.541248201	1.713401395	0.382498637	0.570399379	0.399929133	0.674412292	0.520920257	0.284980628	24.2426355	14.0214186	2.640113984	5.618390668	0.283264953	0.577125963	0.100117404	0.284841399	0.842148757	0.57755371
uvig_528432	0.065037102	0.067841139	0.171903037	0.093694382	0	0.008122734	0.810677168	0	0.053601974	0	0.258097263	0.114636465	0.014322426	471.6893186	0.030119157	0.087664255	0.015207629	0.043266827	1.343167097	0.073107691
uvig_528435	0.374494324	0.182392041	2.234602035	0.134876912	0	0.043174191	9.895518152	0	0.020350482	0	0.334223618	0.300650831	0	407.4542712	0.017152522	0	0	0.043119952	15.34936642	0
uvig_529021	123.4962533	42.07687053	26.73801794	24.60273935	80.46570071	110.9993646	119.1189415	588.9031996	64.75863575	97.54523075	7.224259196	20.35702424	9.091321059	0.402337918	0.25211175	0.107011294	0	0.21126235	0.187382515	0.142787477
uvig_529959	1.35511983	6.065094332	5.119623125	2.846996083	0.165080934	0	0.703806408	0.533622258	2.29354418	0	5.189349204	8.650735556	5.595441614	2.437359101	0.470674422	0	0.237650808	0	0.399805276	9.482414553
uvig_530022	1.052441858	19.85262109	13.20733766	13.26656631	0.679505847	0.814949828	2.288114106	0.994639243	3.841327744	0.525370235	18.43545711	22.27545508	13.55842911	5.83839224	0.71020198	0.425579529	0.369138805	0.840181703	2.515092443	8.943794045
uvig_533592	0.041612083	0.426995513	11.512782	0.352192167	0.083641655	0.046773841	0.084437584	0	0.088188817	0	1.117034368	0.590634601	0.32989623	1.474300128	0.086718869	0	0	0	0.165738744	1.30504516
uvig_534725	0.584825445	0.216078515	3.75330674	0.226831476	0.230171429	0.387679708	0.665076169	0.212579015	0.206570867	0.673707705	0.20468121	0.694872533	0	0.146561564	0.080358212	0.272870624	0.094672915	0.067337856	0.039817591	0.364097155
uvig_539326	0.023480096	0.220431841	0.441176287	8.249346067	0.008581048	0.035190237	0.074870522	53.31270858	0.323450102	0	0.750483712	0.362678751	0.232684677	0.168928017	0.013980605	0	0.024706585	0.070292056	0.062346662	0.095017644
uvig_540511	0.048531232	0.18542375	0.309534332	0.279662136	0.017736249	0	0	0	0.154278935	0	0.535461344	0.182341001	0.288562886	0.184461308	0	0	0.051066272	0	0.042954967	6.382767954
uvig_540784	148.3572427	0.268504737	0.079999241	0.162966024	0	0.043471279	0.020179465	0.10964973	0.065569652	0	0.387991754	0.309984926	0.045990485	0.264591148	0.013816441	0	0	0.034733333	0.02053819	0.046950959
uvig_546131	0.303727058	6.415646939	0.392672545	0.109389556	0	0.199151627	0.066033307	15.06989633	0.174333023	1.250848708	0.708226906	0.412085524	0	15.69818116	0.135634712	0.115142957	2.87633084	0	0.336035819	0
uvig_546340	6.241710315	2.321687027	1.095868207	1.644369148	6.463113016	9.419577755	6.064663742	8.466014904	3.980680083	7.962625436	1.774919637	2.074907869	6.070907674	56.28169472	5.058517904	10.34131447	3.162248834	9.169847162	6.547596357	4.911379921
uvig_547729	0.117217378	1.424600911	9.173470001	0.422167093	0	0.02927946	0.860800762	0	0.331226291	0.117027883	1.13774724	7.013902382	1.393930622	1.219900825	0.232646676	0	0.082226838	0	0	2.68796774
uvig_549670	24.29444463	35.9226673	0.045894421	81.3613834	1.605456405	0	3.009934272	0.629044817	1.293062783	0	0.529965048	0.166719299	0.659602087	1.264934645	0	0	0	0.39852033	0.235649313	0
uvig_549878	0.079110409	0.587243942	22.39652952	0.21369151	0.067460707	0.09880404	0.424251768	0.124609128	0.274774991	0.157965037	0.707879695	2.531982646	1.097563297	1.288667325	0.219819651	0.159950739	0.055495174	0.157887863	0.350102901	1.36058896
uvig_556404	0.614900243	0.660056981	0.582979312	3.395733641	0	0	0.089123651	0	0.542984565	0	10.37477049	2.074988368	0.20311936	0.264321784	0	0	0.107836618	0	0.181415958	2.073613451
uvig_556735	0.198837359	0.622230344	3.450400153	1.193545863	0.096889607	0.049667129	0.672454771	0	1.591946455	0	2.080754733	1.853839145	5.123175633	0.593808771	0	0	0.139482452	0	0.058663613	2.816244871
uvig_558797	1.604605655	10.57022841	6.748116223	2.555760004	1.026235036	1.295724477	1.102710031	1.568769194	2.340392263	0.911489378	13.06570194	3.141447037	10.50042817	1.667436237	0.691856011	1.384420907	0.363884186	1.449388289	0.74684803	1.455419065
uvig_559686	3.36991575	27.57557799	36.9687702	29.80847658	0.492628468	0	8.498780221	2.547865556	10.80805891	0	21.66487928	35.05803697	18.56785537	6.422617996	0.28091387	0.204405661	0.921945472	0	2.028243214	13.77351542
uvig_560376	1.996856171	3.700643011	2.145353743	6.506093582	1.272858312	0.504590015	1.480775829	1.316640049	3.674253857	0.764996804	6.48652017	5.466985862	2.20895809	2.57196132	0.608313022	0.492935679	0.732963642	0.973156625	1.603005497	7.235081726
uvig_562629	0.061173221	0.151364841	5.033486412	0.624239713	0.104329854	0.045840956	0.738870639	0	0.691439423	0.122148656	0.245856127	1.123659008	0.525389454	0.409663951	0.145695938	0.154605159	0	0	0.036096257	0.577620391
uvig_565240	0.417358762	1.249650958	74.41077887	0.730100738	0.544743396	0.580827497	4.960342838	3.099143328	3.74864495	0.535736643	17.02238047	15.00891577	2.954264726	8.627692149	0.781016626	0.904118549	2.446746334	0.446229089	0.738808028	0.482553948
uvig_565291	0.768458091	0.671098359	0.220777457	0.276765889	0.374454793	0.623842006	0.872479239	0.60521045	0.927396835	0.191803948	1.048905857	0.50794075	0	7.510669028	3.050387635	0.971075117	0.673832239	0.575130726	0.453441227	0
uvig_566801	0.101068546	0.419252459	0.243910133	0.345805582	0.036936564	0	0.336924166	0.238794052	0.160646528	0	1.747409464	1.012622968	0.300472813	0.178355009	0	0	0	0	0.178911431	0.511246578
uvig_567821	0.13494468	0.058923938	3.954489981	0.21870598	0.049316953	0.075841926	0.078235537	0	0.05958111	0	0.076746901	0.464761592	0.267456819	0	0.040174629	0.102315082	0	0	0.059719732	0
uvig_568287	0.621147178	0.927332884	4.521543315	4.075797165	0.458333445	0.430000809	1.394164647	0.47521662	2.486537368	0.460677676	2.47621365	16.084472	1.348344796	1.217391765	0.785481904	0.663820747	1.612195951	0.619840053	1.63362318	0.706206346
uvig_573262	11.74752027	20.11902943	2.691959337	119.4041845	1.64531924	0	4.812381374	1.329618976	1.242345947	0	5.841006221	0.20556458	5.297991214	0.916699312	0.251308447	0	0.148037783	0	0	4.55464043
uvig_573395	12.21057769	41.52636194	0.809559274	11.57424609	0.294229721	0	2.781116382	0	0.260675563	0	0.747869765	1.008295519	2.526482705	8.451596219	0	0.203473897	0	0.702973967	0.237529137	0
uvig_588944	0.119679678	0.209033743	0.226933643	0.754311685	0.043738198	0.134525307	0	0	0.126819045	0	5.363542299	0.449659149	9.606680338	0.763561829	0.142520229	0.181482309	0.125931175	0	0.211856836	0.242155757
uvig_596710	0.279900609	0.081479542	3.554353774	0	0.034097541	0.034957866	0.243412794	0	0	0.13972406	0	0.116848827	0	0	0	0	0	0	0.082579959	0.188780432
ivig_621	0	0.248188787	0.229743306	0.211768712	0.042977375	0.01468725	0.096586269	0	1.391512248	0	0.312112583	0.548205616	0.893457515	0.095780391	0.128371009	0.118883625	0	0	0.034695267	0.079314492
uvig_10847	0	0.171489787	6.025291513	0.015716366	0.039869449	0.065400652	0.227693465	0.103102037	0.100188051	0.130700834	0.089344401	0.255040004	0	0.077006795	0.207862358	0	0	0	0.115870555	0
uvig_12784	0	0.644293106	8.020926074	5.487245364	0	0	2.40720293	0	0.581785755	0	1.389517785	6.417672667	3.53655392	1.509211083	0.367771138	0	0.144428157	0	0.060743681	0.277724001
uvig_12813	0	0.957167917	51.74966173	0.300756628	0.152592541	0	2.925013602	0.657671561	2.261373111	0	10.14763149	14.40932959	2.620553869	3.570749021	0.290045231	0.633150159	1.537707471	0	0	0.56321727
uvig_14473	0	0.746080738	4.832764042	0.326527285	0.152923937	0	1.779035948	0	1.847514364	0	3.712484756	1.484822153	2.488021675	0.852024728	0	0	0.587065529	0	0	2.257761789
uvig_24628	0	5.696293306	0.109918777	0.574140896	0	0	0	0	0.037538564	0	1.233019932	1.996493385	0	0.144264937	0	0	0	0	0	1.182692723
uvig_26361	0	0.029567866	0.140071901	0.292656119	0	0	0	0	0.047836213	0	10.13619491	0	0	0.183839963	0.080638063	0	0	0	0	0
uvig_39251	0	0.204112183	18.94813647	0.928501814	0.020707108	0.127377453	0.295644492	0	0.440295733	0	0.3480229	0.260190948	1.066842959	0.346112623	0.033736893	0	0.05961998	0.254434863	0.200600057	0.401255886
uvig_44226	0	0.992553401	0.511785021	3.35822848	0.135628908	0.382390253	0.376528749	0.876837834	0.294942342	0.416832588	1.055326589	1.084501977	19.12418993	0.969769384	0.276215415	0	0.195251619	0.277752629	0.164238086	0.375453525
uvig_45936	0	0.05368164	0.169537416	0.309941834	0	0	0.106912711	0	2.562032333	0	2.489114431	0.307936768	0.121830968	0.200261272	0	0	0	0.368040962	0	0.497501238
uvig_52699	0	3.29331297	5.163058872	2.989964392	0	0.08132134	0.692075044	0.512801973	0.632468589	0.162517754	8.060471821	4.756878056	6.23746482	3.682800176	0.775388857	0	0.114189205	0	0.624334937	1.756614971
uvig_66907	0	0.877348671	4.496942808	2.159087071	0.048151171	0	3.074542973	0.622592474	3.094787552	0	3.581783757	2.612645631	2.611345225	1.448696278	0.235349751	0	0.207955537	0	0.291540215	1.199646484
uvig_81464	0	0.178657266	0.156732104	0.174647864	0	0	0.035142222	0	0.44961731	0	0.206841295	0.253047138	0	0.131651812	0.018045837	0	0	0	0	0
uvig_89698	0	13.79736083	0.385191959	2.892222231	0.306240878	0.313967732	0.283392128	3.299733957	0.39464285	0.209151049	92.16886543	31.77521192	4.56723428	24.24755344	0.748410812	0	0.293909944	0	2.410449998	0.282582867
uvig_98916	0	1.974377621	4.440418713	6.982791923	0.15022493	0.051338433	1.966091779	0	2.008497029	0	3.459938164	13.58514922	1.222054867	0.464992807	0	0	1.009232367	0	0.485101204	0.277239223
uvig_100152	0	1.473450257	1.582173762	0.680581104	0	0	1.565084426	10.84291065	1.04887798	0	0.522003566	12.7628656	2.675206935	57.45945082	0.080368448	0	15.1259245	0	0.477871954	8.466337104
uvig_100318	0	0.190261317	0.107300626	0.269023418	0.022748718	0	0.072176324	0	0.109933304	0	7.32102822	0.350809016	0	0.109846382	0	0	0	0	0	0
uvig_104399	0	0.117237642	3.957154303	0	0.147184749	0.150898411	0.194576054	0	0.047418073	0	0.061079596	0.056043029	0	0	0.079933198	0.203570559	0	0	0	0
uvig_112568	0	0.537752194	0.127374718	0.665318854	0	0.184573145	0.035699694	0	0.043499975	0	31.2942424	0.359885832	0.122043346	0.401220744	0	0.186749772	0	0.18434127	0.109002955	0
uvig_126164	0	0.037756299	0.556462595	0.394464692	0	0.086394178	0.183811698	0	0.325780401	0	1.540866805	0.457231639	0.971133624	0.234752029	0	0	0.212296605	0.086285643	0.051021619	1.866192886
uvig_128497	0	1.214736423	2.913707789	1.496557304	0.128694338	0	1.122871234	0.332802397	1.890624875	0	2.787810727	1.822892956	3.350102625	1.969437146	0.083869695	0.427191733	0	0	0.623363027	6.840133661
uvig_137035	0	0.158626324	3.580489458	0.454082466	0.015619273	0.016013367	0.507951796	0	0.384949121	0.06400427	0.17986934	0.677991815	0.211766986	0.278475838	0.10179031	0.19442651	0.044971066	0.063973	0.151311664	0.605330794
uvig_157795	0	0.111679656	3.82686893	0.110538023	0	0.076663808	0.059312518	0	0.036136066	0	0.116367885	5.445387159	0	0.138874979	0	0	0.107649225	0	0	0
uvig_169825	0	0.116993096	3.764156207	0.385990491	0	0	0.15533615	0	0.425872468	0	0.365713138	0.391482901	0	0.290964609	0.079766465	0	0	0	0	1.626371972
uvig_186352	0	2.096794156	0.352239236	2.036109611	0	0.102082901	0.098723148	0.965582581	0.096235097	0	39.31119321	15.38326299	1.61998069	6.009937888	0.243336939	0.413146961	0	0.203909313	0.602868735	0.275635448
uvig_186796	0	0.317840173	0.195183953	0.029128804	0.029557708	0.060606975	0.023444911	0	0.257108009	0	0.147192386	0.135055038	0	5.961506961	0	0	0	0	0	0.163645728
uvig_198367	0	0.117186425	0.07401966	0.231977001	0.03923212	0	0.062237136	0	0.037917886	0	0.219790484	0.044814837	0	43.33793446	0	0	0	0	0	0
uvig_202570	0	0.070655416	0.083679005	0.058277624	0	0	0	0	29.3489604	0	0.331296651	0.067550719	0	5.853729058	0	0	0	0	0	0
uvig_202790	0	0.370678271	2.09746211	0.433132911	0	0.053011758	0.082027256	2.674282958	2.873561787	0	1.351836744	0.442987693	3.365030734	0.595384492	0.04212171	0.536369133	0.148875327	0	0.125228148	0.787257786
uvig_210757	0	5.759225597	0.427971593	22.06691108	0	0	0.411253311	0	0.532430413	0	0.806856285	38.29324149	1.581654193	0.974949412	0	0.134457492	0	0	0	0.538228591
uvig_219547	0	0.127226373	0.100451618	0.139917573	0.035494443	0	0.028153876	0.458941551	0.13722167	0	0.243039943	0.08109058	0	0.105471671	0	0	0	0	0	0.393028714
uvig_227995	0	0.056999547	0	0.094028125	0	0	0	0	0.069162308	0	1.618441408	0.163484723	0	0.070879613	0.116587709	0	0	0	0	0
uvig_232204	0	2.096449744	3.658979162	1.797439726	0.1385245	0.142019652	0.879011201	0.597038513	0.714048414	0	7.013257166	6.171223002	10.76790527	11.61126333	0.075229984	0	0.199420118	0	0.447318574	0
uvig_235700	0	2.355720091	2.127328624	1.773017165	0.086259358	0.151604217	0.029322923	0	0.452578707	0	2.684731299	1.449857926	6.74973913	4.613751313	0.120460611	0.409045464	0	0	0.179065135	0.54579818
uvig_279364	0	0.496900751	2.057664996	0.60187914	0.279196086	0.131193592	0.119955252	0	1.090616737	0	1.104313875	0.830535391	0.378535634	0.393210355	0	0.048269355	0.033494265	0.047646828	0.23947965	1.416950505
uvig_300711	0	0.401013429	3.128953199	0.53181303	0	0.026988271	0.563760708	0	0.419797157	0	0.54074405	0.917134625	0.142761349	0.596442405	0.085776602	0	0.075792386	0	0.063753615	0.947328233
uvig_304456	0	17.1079409	0.313348986	136.03497	1.471013413	0.145947967	0.150554161	0	0.252243492	0	4.489760027	0.21681782	0	0.176254579	0	0	0	0	0	0.788152233
uvig_321869	0	0.07707671	7.611049255	0.016953067	0.034405381	0.017636737	0.163740252	0	0.083132094	0.211478278	0.074958177	0.2161569	0.04664701	0.044728042	0.112109393	0.07137889	0	0	0.041662755	0
uvig_350279	0	3.683361742	3.473682482	1.730023945	0.042817012	0.04389734	3.684884867	20.48401513	3.041627546	0.175454491	0.74627516	7.385388451	2.670371154	56.69716677	0.209277838	0	14.73182774	0	0.725881951	22.52028459
uvig_360071	0	0.112666744	0.213494542	6.22625536	0	0	0.119673512	0.975410035	9.004498011	0	0.939171286	7.518577602	1.022792775	0.36426633	0.153633475	0	0	0	0.456753435	6.891409681
uvig_360411	0	0.421026206	44.31520588	0.622688515	0	0.199323014	1.118024778	0	0.187904824	0	0.892528755	0.333124743	0	0.866567318	0	0	0	0	0	0.538194816
uvig_361314	0	0.180574563	3.849462812	0.347527951	0	0	0.279714943	0	0.340831853	0	0.517426112	5.380609188	0.273210402	0.673639843	0.082077747	0	0.145048142	0	0	0.557832364
uvig_362152	0	2.81247614	2.753131318	1.196624266	0.085210092	0.13104008	2.450060899	14.87379584	1.770646385	0	0.702799618	7.44616258	13.8633991	48.36151093	0.208241809	0	10.79483695	0	0.722288476	14.62468924
uvig_371255	0	0.195997594	0.383190364	1.123933669	0	0	0.086744468	0	0.150996979	0	0.525151099	0.071384833	0	0.336573083	0.050907474	1.815086647	0	0	0	0
uvig_372112	0	3.252777037	2.260043292	4.000017021	0	0.202991535	2.025926176	12.28837121	20.51413455	0	2.329391465	8.368311549	10.30824522	41.50768849	0.193549903	0	10.88834353	0	0.623377368	15.45642684
uvig_379756	0	0.440059267	11.76983204	0.544451014	0	0	0.639059861	0	0.800940963	0	4.298743391	12.3324269	0.24967962	1.231242581	5.175596181	0.1910289	0.066277793	0	0	0.637234947
uvig_386033	0	0.058780782	0.139231149	0.242416261	0	0	0	0	0.14264726	0	0.183745068	0.16859362	208.1094858	3.417172599	0	0	0	0	0.119149286	0
uvig_390157	0	0.254072022	0.190572504	0.356255967	0	0.043602679	0.10963583	0	0.082209812	0	8.855478655	0.631560139	0	0.189564946	0	0	0	0.087095803	0.051500676	0.235464388
uvig_396786	0	0.455353865	4.951636618	1.536474077	0	0	0.34351734	0	2.277047405	0.141974045	1.552808563	7.460229983	0.563688933	1.222559189	0.112895452	0	0.39901864	0	0.083909749	0.767281499
uvig_400047	0	0.10007187	3.128866196	0.264130391	0	0.068695507	0.10629536	0	0	11.18876692	0.312818438	5.013347637	0	0.124440559	0.21833437	0	0	0.137218412	0.162277416	0.185485685
uvig_427577	0	0.138612243	0.14592178	0.076219608	0	0	0	0	0	0	0.385149551	0.04417381	0	35.40684301	0.063004337	0	0	0	0	0
uvig_427961	0	0.242288365	9.086695168	1.159089398	0	0	0.193017245	0	3.665059101	0	0.580656736	0.648597259	0.109975126	0.527254804	0.264309428	0	0	0	0.098224231	0
uvig_432191	0	0.710128819	17.64113583	0.071988507	0.013281544	0.081699929	0.215963455	0	0.025673254	0	0.54151997	0.811675429	0.036014386	0.143064553	0.151471961	0.110217862	0.03824027	0.054398194	0.289496081	0.44119821
uvig_436746	0	1.421221825	5.695091539	1.386525898	0.511615139	0.052452385	2.089914159	0.330758035	5.31562325	0	3.885329183	4.558458789	4.023174079	2.983516953	0.250063483	0	0.441913242	0	0.991254061	19.68620976
uvig_436944	0	3.204362842	6.738572534	4.447365036	0.103150851	0.05287674	1.370457143	0.666867927	2.816395283	0	7.78536834	3.79999108	5.034690286	1.647504999	0.084028856	0	0.445488449	0	0.499636798	9.56580543
uvig_439493	0	0.157871825	9.67719752	0	0	0	0.228668053	0	0	0	0.01495447	0.356754789	0	0	0.078282024	0	0	0	0	0
uvig_440891	0	0.185664487	1.218541409	2.143943123	0	0	0.077035547	0	0.150188147	0	1.602078576	1.242542929	1.000747174	0.454537116	0	0	0	0	0.305779449	2.4734611
uvig_451559	0	0.10681494	0.581916781	0.17620506	0	0.018331092	0.042546668	20.69124	0.14688848	0	0.767962767	62.65144411	0.24241747	0.524661303	0.01456539	0	0	0	0	0.247480165
uvig_485786	0	0.818673737	1.834896734	2.875275587	0.088412492	0.271929762	0.490896012	0	2.093543829	0	2.380259714	3.282290654	1.198701575	0.985190822	0.036011339	0	0.190918173	0.090529381	0.695902823	5.017315532
uvig_486069	0	35.68825245	0.283074119	0.345003535	0	0.051273794	0.039669016	0	0.096673165	0	0.373576414	0.171385824	0	0.037152588	0	0	0	0	0	0.276890156
uvig_509703	0	0.158416171	0	0.391991948	0	0.19419042	0	0	3.624711771	0	0.212228182	4.024379557	0	0.070354425	0	0.157184369	0	0	0.091746086	0.209734492
uvig_521516	0	0.86842427	3.520717641	0.172722191	0.020619461	0	0.016355173	4.53234791	4.613501256	0	2.07288131	0.270866434	4.752516923	0.559095037	0.319143898	0.342224196	0.356205755	0	0.77403502	0
uvig_524389	0	0.123048084	4.393458669	0.045107496	0.068657514	0.023463277	0.172452008	0.295912852	0.055297967	0	0.078352726	0.444422237	0	0.051003918	0.074573143	0.094959896	0	0	0.110853247	0
uvig_524473	0	0.160226372	0.060241322	0.100691096	0	0.026187921	0.091173687	0	0	0.052335613	9.500395491	0.102123869	0	0.11385337	0.187273928	0.052993499	0.147089456	0	0.030931486	0
uvig_533478	0	7.84877692	0.302292878	1.849653261	0.274666575	0.234663973	0.290484109	0.591904405	0.309709796	0.187586982	18.99237675	10.45838438	2.234366983	3.791795389	0.223749178	0.189945048	0.131803498	0	0.332603964	0.253447772
uvig_537319	0	1.604128482	5.331530661	1.738942887	0.127865779	0.052436799	0.973651175	0.661319502	4.300667946	0	17.94042971	36.80738052	5.270178859	5.794282004	0.333318902	0	0.368151608	0.104741848	0.123869939	16.28231227
uvig_538036	0	2.028489172	11.89755684	3.741154981	0.231992516	0	0.518586033	0	0.46882576	0	22.2785917	2.890963301	1.258147068	0.81470447	0.137444357	0	0	0.345523181	0.561856721	5.487986875
uvig_540412	0	0.180208871	0.028456793	0.26755006	0	0.061853245	0.023927012	0	0.26239496	0	0.563321718	0.310122439	0	0.134455123	0.049146916	0	0	0.12355108	0	0
uvig_541923	0	0.172734714	0.125203828	0.607266774	0.014220194	0	0.030078217	0	0.073300441	0	0.177035399	0.15702265	0	3.736070928	0.015445426	0	0.559552053	0	0.068879045	0.104973136
uvig_542539	0	0.176246394	0.079517365	0.041534461	0	5.790063485	0.033429856	0.544946269	0.040734183	0	0.629640299	0.144430186	0	55.16683167	0	0	0.121347001	0	0.204144777	0
uvig_546341	0	0.303	4.153967572	0.181759162	0	0	0.1828657	0	0.133692798	0	0.48793047	0.684711798	0	0.479543399	0.150245006	0	0	0.18885145	0.111669873	0.255280906
uvig_557689	0	0.789791192	1.440684493	3.380704169	0.319114692	0.116845132	0.3796784	0	2.269124526	0	2.213441075	3.502039914	2.410520397	0.838184121	0.148547172	0	0.229699041	0.280076021	0.248417898	4.480031151
uvig_517098	0	0	0.105602537	0.154446822	0.044777416	0.137721624	0.142068191	0	16.35886496	0.183487787	0.25085695	1.253156047	0.364256844	0.149688007	0.109429879	0.371588647	12.44109809	0	0	0
