phage_id	O-121	O-122	O-123	O-152	O-39	O-418	O-420	O-434	O-445	O-90	OMC-124	OMC-125	OMC-126	OMC-288	OMC-446	OMC-55	OMC-64	OMC-87
group	O	O	O	O	O	O	O	O	O	O	OMC	OMC	OMC	OMC	OMC	OMC	OMC	OMC
ivig_601	1.403887835	0.159786442	2.205798135	0.228611477	0.157777356	0.142869631	0.266432596	0.088141905	0.297079707	0.345524176	0.592870363	1.019691636	0.345774871	0.08811861	0.101974358	0.060942597	0.100217831	0.112255248
ivig_1166	1.145575169	0.45648297	2.269872418	0.476547551	0.243295972	0.122177824	0.284617217	0.103373231	0.23940896	0.139735289	0.835789987	1.029540371	0.323634349	0.17886792	0.079730663	0.129049839	0.108829567	0.109711225
ivig_2174	1.287857115	4.054321736	10.83329446	0.940716811	0.406816687	1.036063896	0	1.022701833	0.17278128	0.39498354	0.059558583	8.238048507	0.833936299	1.797681819	0.169028345	1.262698105	0.646009782	0.620231701
ivig_2749	1.338920073	0.218402483	3.640404628	0.361260953	0.213312292	0.068984751	0.239343736	0.085118823	0.392586995	0.322167442	0.99933583	1.549186822	0.584793844	0.144009167	0.059086111	0.098087323	0.09678057	0.036135043
ivig_2899	1.336418479	0.207348926	3.213499749	0.30224044	0.224353094	0.155829047	0.246296775	0.051273109	0.358766967	0.346543427	0.867423358	1.676744166	0.556951325	0.105147811	0.098865997	0.06893245	0.140346573	0.036277836
ivig_3353	1.98160177	0.243891578	1.397835335	0.4043856	0.153559077	0.215491904	0.454129806	0.094538985	0.23758311	0.362081732	0.497799837	0.762143776	0.322140335	0.405925506	0.054687678	0.081707039	0.059717414	0.033445112
uvig_851	0.552617848	4.137229915	0.418658487	0.420551665	0.964261171	0.800784922	0.518622822	0.948548688	0.99713233	0.64110275	0.150375999	0.288018958	0.350014705	0.121576665	0.548704064	1.123430271	0.466020711	0.447424832
uvig_861	0.821640353	2.391646754	4.68997142	1.437022461	1.038180409	2.455138104	1.048386744	0.372842202	0.661396688	0.755987007	0.151991194	2.105714342	0.193470281	0	1.509738234	1.933413956	2.119618169	0.791403623
uvig_1270	68.1475534	66.96630865	26.08174499	11.72700632	0.870607357	0	0.769270499	0.182385943	6.309034831	24.16103007	10.22321331	105.5154794	68.31206887	33.24157229	0	2.574629386	0.230415355	1.161410069
uvig_4984	38.91599414	1.483248124	3.93519161	5.007431573	0.03111075	0	0	0	0	7.611868289	6.950413074	2.536258174	5.373261094	4.57105242	0.271450446	0.090125571	0	0.166009802
uvig_8544	0.364491946	0.344370029	0.094323661	10.06074785	0.151128919	0	1.535685067	0.047490623	0.322939673	0	0.09679908	0.177367654	0.069000954	0.073043186	0	0.437809441	0.029998388	0
uvig_10847	0.099271556	0.145737145	0	0.088853995	0.285810742	0	0.045916905	0	0.077247037	0	12.63472274	0.047600205	0.088124909	0.125579282	0	0.037635129	0.041259712	0
uvig_11105	0.331800126	0.913320587	0	0.214486282	0.289478507	0.184307969	0.12789191	0	0.107577712	0.122963048	30.44480039	0.165725489	0.339858633	0.139909903	0	0	0	0
uvig_11819	0.249787963	0.458381358	0	0.138553647	0.257829271	0.515922716	0.097636495	0.138891515	0.301136114	0.093873655	27.0360009	0.168693035	0.052852598	0.035603796	0.53562767	0.373456283	0.233956172	0.19654293
uvig_16065	4.948648284	4.234744663	9.49403967	7.864176758	0.201331424	0	0	0.50612972	0.199519927	0.456108945	0.343877651	1.475348162	0.612812794	0.518970206	0.19518621	0.291621215	0.319706819	0.358107614
uvig_16314	0.324568872	3.639841618	0.314193495	0.731651288	0.723655669	0	0.166806177	0	0.233851472	0.427673565	3.40173305	0.706095079	1.108172504	0.182480941	0	0.501307692	0.09992507	0.167890985
uvig_19655	4.669772875	9.92923289	5.603249433	1.485012679	0.219564222	0.186392356	0.129338273	0	0.217588674	5.347207794	1.875097972	5.798950391	7.370502402	4.103273261	0	0.583056388	0	0
uvig_24707	0.390495897	5.651304572	0	44.50519519	0.185829568	0.709894573	0.328398797	0.467159399	0.207177244	0.157871272	0.142830092	1.372389896	0.339376937	0.089814602	0.810708816	0.605626521	0.147545224	0.495801762
uvig_25407	53.94216131	2.233868127	4.90508639	3.995081546	0.398265911	0.405714853	0.28152688	0.200241184	1.065642694	0.541354074	0.285703008	53.07977779	1.350784152	0.61596388	0.231665814	0.807623079	0.632431466	0
uvig_31763	0.705292508	1.099433216	0.330361294	0.244366095	0.079397594	0.101103253	0.070155882	0.199598659	0.059012406	0.67452125	17.69743161	0.718186796	0.631795681	0	0	0	0	0.211836403
uvig_32553	0.297539577	0.360133912	0.303348887	0.117103384	0.231972205	0.21099186	0.05856318	0.041654142	0.172413762	0.112612395	0.050941626	0.106242657	0.172916874	0.208215663	0.144573265	0.120001167	0.02631166	0
uvig_33153	2.815658922	0.409457572	0.092569305	0.456486077	0.166857777	0.849892954	0.491452946	0.559287952	0.744104068	1.323035571	0.11399842	0.458522525	0.145109106	0	0	0.805624654	0.441606581	0
uvig_35295	12.84709487	11.16216353	9.08466629	3.35036175	0.384888787	0.178221605	0.309171405	0.35184618	0.780188969	7.490855285	1.362604467	17.83613336	13.05413444	9.605567827	1.017656931	1.571128905	0.889002315	0.373418487
uvig_38845	3.079157773	2.950264484	4.629359874	4.634034117	0.142641049	0	0.126037933	0.179293607	0	0.969444172	0.182725086	0.914609132	0.279109911	0	0.207430851	0.413220702	0.453017372	0
uvig_51406	9.203260197	18.5425289	5.789569051	8.940900135	0.285912289	1.213582633	0.505265404	0.359379336	1.31044643	7.772685444	4.224169307	8.009595949	11.68635015	2.947974173	0	0.310600132	0.605357453	0.254275676
uvig_55294	9.276300896	11.22778542	14.16083676	13.02407131	0.425419228	0.309554307	0	0.305562001	0.813069287	1.445657448	0.404833151	3.604556319	3.837107002	0.939942282	0.353515036	0.088029174	0.289521396	0.972889631
uvig_55870	0.476016543	0.220588212	0.251345396	10.51816985	0.251696906	0.192303378	0	0.126548834	0.149659345	0.427657571	0.128970837	0.144095648	0.105067241	0.097319529	0.073204318	0.109372133	0.199842667	0
uvig_58357	0.808340437	1.209216516	0.767005448	0.939213996	0.12568551	0.355656282	0.037018661	0.07021388	0.207591074	0.474559843	6.554684889	2.03391498	3.643444616	0.742450529	0	0.080911499	0.066527973	0.149037633
uvig_59859	1.948755847	8.004350667	1.401573029	0.466879563	0.019139088	0	0.067645356	0.048114007	0.270278081	1.593439638	0.529576433	3.55885468	2.941074414	1.628043668	0.027832363	0.221778165	0	0
uvig_64107	0.978566873	5.37265134	0.623822077	0.759567281	0.145762051	0.053031537	0.073597518	0	0.123814752	1.132177957	1.024309744	0.696197183	1.021348012	0.88564818	0	0	0	0
uvig_73872	5.329447213	3.670838758	20.73527205	3.171403873	0.458597389	2.335873685	0.202608811	1.345019691	2.15873782	0.779201653	0.195823123	4.183224812	4.067990818	1.108239728	1.111499193	1.21781288	0.970980815	0.407852917
uvig_74555	0.338118516	0.072997077	0	0.166153287	0	0	0	0	0.077383262	0.176900617	0.106697611	0.095368297	0.190142224	0.201281186	0	0.075402998	0	0
uvig_74768	3.899220236	0.805209936	5.908030842	0.380839381	0.730836233	0.39884217	0.092252634	0.262465549	0.775993363	1.862642968	0.775717653	0.32276674	0.20429266	69.1313011	0	0.945169282	0.33158308	5.988992099
uvig_75025	0.398266668	1.15718223	1.577190354	5.289476458	0.307982236	0.020111703	0.935023666	0.039704646	0.04695556	0.053670957	0.145672376	0.339978839	0.144221022	0.030533963	0.045935651	0.194454291	0.025080223	0.084278016
uvig_76269	1.893474741	2.144749274	0.755905248	1.699341539	0.093507119	0.068040017	0.094426386	0	0.238283437	1.634170707	0.83506467	1.5845625	1.770434317	1.317070243	0	0.251534488	0.212122615	0
uvig_77482	3.676345235	0.530284278	0	0.383178969	0.75633525	1.070112945	0.445532949	1.901361154	1.374138442	1.999024678	0	0.269421869	0.219250858	6.417428699	1.466499445	2.069323092	0.934136211	0
uvig_78016	6.754645002	5.19140057	2.822990543	2.573002507	0.521896346	0.664572003	0.230574357	0.984001578	0.969751011	0.665064562	0.200566853	7.03636165	1.889238196	1.198146708	0.758949852	0.377973899	1.450316006	1.392443255
uvig_83342	6.168635289	8.408328752	19.50767643	4.860630236	2.044055232	4.217288292	0.594423032	3.317309455	3.500039129	2.286057588	0.464031242	9.14841396	2.416673786	2.926264142	2.633858261	3.466688491	2.793925253	1.725833098
uvig_86209	6.831456509	0.797973662	0	0.195545685	0.230926138	0.336064644	0.174897277	0.290264131	0.147116803	0.224209149	0.067615877	0.324845223	0.137709691	0	0.095947546	0.238920056	0.26193009	0.352069411
uvig_87564	18.80094756	9.422417912	2.259303444	3.326910055	0	1.037150531	0.359841094	1.194403528	0.504473943	0	0	22.28870779	0.035416222	0	0.987032805	0.884815705	0.107781221	0
uvig_88310	0.600398217	0.801294453	2.021010041	1.156207892	0.535721415	1.637223743	0.252461106	0.718270467	0.849441945	0.728194311	0.219605208	0.572504315	0.204993409	0.483323501	1.869730762	0.827704433	0.453709706	1.52461778
uvig_88880	13.86518916	7.106361825	1.179664948	3.700429958	0.460712744	0.812301329	0.062628731	0.98000848	0.447787299	0.602150652	0.254231026	15.41149659	0.268135515	0.411083692	0.309219553	0.487661005	0.956700783	0.189108094
uvig_89263	0.801254792	2.676069996	3.420578431	1.004039509	0.167772841	0.320457693	0.148244436	0.527207945	0.498789871	0.570124811	0.085967698	2.285975652	0.536200502	0.891962253	0.365966845	0.121506417	0.133208518	0.223812796
uvig_90482	0.365756864	2.09140092	0.785100309	0.575672721	0.194237223	0.070667903	0	0.069756502	0.082495525	0.141440559	8.474114389	1.188253231	0.405407629	0.402334994	0	0.080384436	0	0
uvig_92124	8.641620328	6.489961832	1.741546405	2.367224462	0.64393181	0	0.071122438	0	1.076857839	3.419071547	0	4.681840195	9.072001404	6.06885308	0	0.466355856	0.511269893	0
uvig_92258	1.524599311	1.865176354	2.561056368	0.957306555	1.356215373	1.92624311	1.013992496	2.163662582	1.95786467	2.30434208	0.280645612	1.158670703	11.8465955	2.117711203	1.972229669	2.379980614	1.905125044	0.974196589
uvig_92540	1.371595404	1.30358757	1.206652376	1.564900088	1.198595222	1.861300419	0.640615012	1.587423158	1.08641228	0.635794758	0.742991771	0.760501357	0.671182813	0.350406779	1.955578895	1.177175004	0.891313017	0.935972699
uvig_93945	1.087888911	0.438226507	10.05594254	0.221661158	0	0	0.490917435	0	0	0.471997831	0.284685504	0.222650019	0.543566206	0.268524455	0	0	0	0
uvig_97882	3.145642744	5.068069786	4.087642358	4.39033177	0.390729722	0	0.690499215	0	0.08297445	6.828560983	1.601695948	0.856418791	1.092217526	57.19346414	0	0.404255524	0.177275508	0.297852777
uvig_98139	0.825365657	0.534569485	0.2114951	1.34713554	0.031768632	0	0.449133284	0	0.283345118	0.215912005	0.358125161	2.342541863	0.480724189	0.122834576	0	0	0	0
uvig_98366	10.91909537	0.17701782	0	0.169482858	0	0.035722172	0	0	0	0	0	0.070665222	0.076849109	0.081351104	0.040795184	0	0	0
uvig_99078	4.465972092	2.655622231	1.033436644	4.805976763	0.589882696	1.581356659	0.713250604	1.560961983	0.553808061	1.371524882	0.270442298	13.38026303	0.372597002	0.120042263	1.26415088	1.124241505	0.887411179	0.497000191
uvig_99689	1.304258198	2.66991679	0.820439639	0.550681828	0.431333194	0.062771515	0.17422945	0.123923909	0.256471342	1.381996873	13.19789792	2.635874266	11.25979408	0.214427001	0.143371771	0.249908152	0.117418472	0.131521901
uvig_105790	2.168495169	4.029737858	0.119573297	7.468907457	0.43106588	1.006335675	0.63481787	0.180610366	0.106796832	0.488281958	0.147253637	2.270410892	0.618551419	0.277788664	0	0	0.3422583	0.191683905
uvig_106252	4.143557422	4.163374082	1.183603812	0.389112899	0.284462184	0	0.251351387	0	0.211427034	5.679115412	1.020319583	5.048463486	12.91347892	1.512339719	0	0	0.564644222	1.328176643
uvig_106649	0.556211607	0.53400538	0.256735497	0.439596235	0.192820909	0.098213662	0.034075393	0	0.229303184	1.113913151	15.768873	2.035579314	0.140858036	0.074554909	0	0.083788214	0.183715463	0
uvig_106878	7.547444691	0.442351525	0	0.148797698	0.152290622	0.055406779	0.038446947	0.218768802	0.064680161	0.443582756	0.022295579	0.089676903	0.158928807	0	0.126550521	0	0.138189628	0
uvig_106895	6.978101535	0.385754961	0.119440699	0.196332236	0.191372381	0.487379257	0.16909704	0.360820164	0.320035205	0.243870244	0.122575286	5.976501064	0.11233918	0.046246769	0.278296719	0.311845394	0.683757517	0.510590242
uvig_106907	0.822487968	5.741106794	1.339394786	0.999915124	0.201190193	0.102476571	0.142217663	0.505774677	0.328976945	0.820420183	28.86545979	2.524761399	7.747518705	0.622327387	0.585147868	0.291416647	0.31948255	0.644141533
uvig_107420	1.401384019	5.28979541	1.777300007	3.387200585	1.439304868	2.010146928	1.640997188	2.451097969	2.277566216	1.262203472	0.356858463	1.222705645	0.254378185	0	2.565686101	1.983904063	1.474556545	2.229753504
uvig_108334	0.671686716	10.89112811	0.15004965	0.238424569	0.360622791	0.298486238	0.15932353	0.181314878	0.321640251	0.367639959	2.513076567	0.268391964	1.227815613	0.06971806	0.314653992	0.443996602	0.085898339	0.288647417
uvig_110632	1.673819671	0.739075097	2.400059802	0.511405766	0.847520493	1.009415073	0.581213234	0.741997541	0.789751879	0.601799364	0.674096988	2.462222569	0.807457514	0.35867322	0.539592181	0.549672754	0.428523319	0.224997346
uvig_111515	0.193095365	6.444664255	0	4.349603545	0	0	1.004782689	0	0.187818714	42.07724033	1.48906744	1.374356737	0.065928372	0.366400682	0.183739155	0.183012368	0	0
uvig_112338	1.241760457	4.234130558	0.657887225	0.477289365	0.161041782	0.074569917	0.181105093	0	0.228507866	1.218878033	0.135030548	2.088655942	2.123685215	1.684049965	0.06386986	0.445320541	0.046496066	0.1953031
uvig_113131	4.392530441	34.95286013	7.542884025	5.454827197	0.366563654	1.782230171	0.588902579	0	0.0990724	4.076688233	40.6735533	14.46865048	1.964873631	1.675028451	0	0	0	0
uvig_120986	1.371348049	1.793393414	1.098629509	0.526717	0	0	0.145816345	0	0.245310103	0.560786753	0	3.760153028	0.430545379	1.754705657	0.239981789	0.119516266	0.1310267	0
uvig_121436	5.666679082	2.108683073	9.782430378	2.084444436	0.653074084	0.131307003	0.668172004	0.561658688	0.536493075	17.0533611	0.052837681	1.621470479	13.29901481	3.987054973	0.249923836	0.273828779	0.109163934	1.100483017
uvig_124379	1.386092827	2.17401179	1.8578549	0.749330116	0.248060419	2.132156263	0.21918671	0.467701767	0.092185678	1.896654709	25.26261196	2.371629964	2.281319239	2.397836688	0	0.134739922	0	0
uvig_125485	0.413190205	0.056165766	0	0.073052841	0.080108256	0	0	0.201385202	0.119081214	0.272223468	0	0.07337874	0.083600089	30.19979642	0	0.232067768	0	0
uvig_126335	8.745366825	0.738803968	7.307441947	1.10774611	0.643954214	0	0.051727209	0.147167726	0.130532764	3.083488164	0.479949926	0.402176357	0.412378047	125.7951495	0	2.416655332	0	0.312381675
uvig_129987	5.445125184	0.223964233	0	0.201670903	0.147432136	0	0.173695128	0.370631589	0.219158404	0	0.050363342	0.3151098	0.205144725	0.380034494	0.285864165	0.462691807	0.546272423	0.524474216
uvig_130390	22.0343347	10.4063669	2.713353204	3.8716236	0.883073058	1.210985948	0.24008776	1.024601077	0.706833777	1.154174754	0	25.93115488	1.73679607	0.525297578	1.185395716	0.59035342	0.323604739	0.543710584
uvig_130847	7.749366689	3.000052688	0.560754229	1.520882906	0	0.171612346	0	0	0.200334947	0	0	11.43436185	0.070321837	0	0	0.292812459	0	0
uvig_137035	0.17986934	0.624466145	0.254120383	0.290078998	0.10179031	0.129617673	0.089942133	0.063973	0.075655832	0.605330794	6.767487215	0.116549232	0.219093682	0	0.074012532	0.036859887	0.040409807	0.271581189
uvig_137671	1.299483823	24.79479459	16.3607335	3.382354936	0.343147567	0.257033535	0.107013852	0.202974869	0.180031801	0.274372309	1.106698758	0.342055596	0.2001175	0.156093248	0.616424828	0.277755814	0.352585967	0.538549036
uvig_139142	27.57160337	13.08831816	2.459874436	4.277854268	0.706864192	1.063761908	0.340683651	0.726952586	1.289564406	0.436738598	0	28.99697625	0.167653555	0.124232556	0.654139179	1.116945785	1.071452521	0.685798511
uvig_140214	9.867769328	10.67455716	0.854824975	2.308427715	0	0	0.58349429	0.18445381	0.218139003	4.986727481	2.669373512	4.654254227	9.437430032	2.695150871	0	0.053139188	0.116513887	0.195762997
uvig_142442	6.302848746	19.76857378	24.00140726	4.188521237	0.100145723	0.231860893	0.032177808	0.41196707	0.189467066	0.556878577	1.119604425	3.385779915	1.458403048	0.58082565	0.503097482	0.290114847	0.28914125	0.388644884
uvig_144402	0.716543147	0.725470525	1.183967746	0.545515307	0	0.658799335	0.11428576	0	0.288398241	0.659287616	78.46947008	1.199563867	1.181062524	0	0	0	0	0
uvig_146874	3.756808017	2.649579002	1.587670565	1.338335687	0.146759164	0.186880082	0	0	0.21815803	1.620827791	0.225600536	5.310009448	2.220765455	0.993036928	0	0.106287645	0.11652405	0
uvig_149330	2.821029082	1.116568864	0	4.142304123	1.73731938	0.737422178	0.831511998	0.727911682	1.076054813	1.475937462	0.148368619	0.547035284	0.642120905	0.139946018	0.631609273	0.73396274	0.919599538	0
uvig_152276	1.304792863	0.670432478	17.05162073	0.570957611	0.227672903	0	0.321875612	0	0.067687319	0	0.093328648	0.271111328	0.665271374	0	0.132434202	0.131910354	0.361536109	0.485953351
uvig_152685	0.833606694	0.439482315	0.561750525	137.1721234	79.37786781	2.517359745	0.916007113	3.697036647	2.616149014	1.310816536	0	67.0729108	0.345944001	0.186434276	3.716279206	3.422214852	2.79471059	2.05833886
uvig_154730	0.260332473	0.290793024	0.295838434	0.270160199	0.059250434	0	0.157061425	0	0	0.604033565	15.81768416	0	0.386456853	0.114546984	0	0.171644179	0.470437436	0
uvig_160196	13.39517556	7.286409767	2.26894691	2.626042975	0.61248454	0.956037261	0.314240884	0.894038492	0.939830181	0.469980415	0.091114939	14.0620107	0.350519206	0.190983376	0.861952863	1.073179222	0.627485606	0.421712694
uvig_161124	0.743719353	1.421651967	0.269979429	1.109455684	0.162214199	0.137706802	0.095555206	0.135930805	0.080377332	0.36749031	3.989732208	0.581967118	2.341775027	1.411216045	0	0	0.085863374	0
uvig_165405	0.207628103	2.243752428	1.205945576	32.52881296	0.241526422	0	8.10970375	0	0.359029901	2.872638492	5.043196646	1.313594249	0.378081448	1.692640714	0.175615756	0.087460551	0	0
uvig_166606	10.8857063	5.994293037	2.194407322	2.573806297	0.566536842	0.734532946	0.20023726	0.466109815	0.505295441	0.350036837	0.073893654	12.94531275	0.386987939	0.318623332	0.149793957	0.5072849	0.474355347	0.329791884
uvig_168075	6.804890156	4.054548789	4.44219711	7.582763631	1.266085807	1.742926981	0.574475832	1.462381259	2.085505046	1.104671895	0.19287136	21.88594627	0.955244759	1.091534545	0.995222616	2.304739897	1.249768538	0.821669517
uvig_168533	19.01474447	4.067249639	1.609151651	1.785418478	0.628446809	0.492462251	0.598012076	1.093749728	0.431163904	0.574965122	0.074312192	1.151307912	2.434175864	10.32712838	0.421798711	0.770238831	1.99590036	0.128978827
uvig_170240	6.524165599	10.91339607	9.63634833	2.582588418	0.167823042	0	0	0	0.43657173	3.849493983	2.450812523	7.263507174	7.421484093	4.623369223	0	0.546942483	0	0
uvig_174204	10.38593498	17.40970075	5.703672691	1.787698942	0.929353118	1.923055909	0.513236486	0.876117395	1.942715779	3.651579743	8.035967717	11.06667307	10.82002984	7.692074347	0.168934985	2.271601215	1.752486631	1.549722816
uvig_176146	3.481764847	6.412987651	17.30171786	5.155506548	1.41757483	2.578729204	1.07363324	3.224263855	1.856369392	2.293902644	0.691783718	9.877806933	3.451852576	2.610049949	2.944942218	2.639964053	3.001408202	1.440820687
uvig_176448	7.110859899	0.45691693	0.191406631	0.087396443	0.383348633	0	0.270982129	0.385482072	0.170954739	0.39080801	0.039285977	4.266415659	0.060008758	0.074111575	0.445977276	0.555266496	0.913115075	0.204558327
uvig_177481	26.33616019	16.0346338	2.301884257	5.720673934	0.444555671	0.503189323	0.174582369	0.745049574	0.844398509	0.16785409	0.050620599	26.26508661	0.154644458	0.286481792	0.287324369	0.82279006	0.078437543	0.790729871
uvig_181906	7.178467354	0.385284929	0	0.310221217	0.68036453	0.933005348	0.231219821	0.657837447	0.388986284	0.533541063	0.026817109	3.943003718	0.122888231	0.050589506	0.76107444	0.41693519	0.747964794	0.418902369
uvig_182446	22.16925706	13.22527549	3.318646448	5.545987022	0.319035612	0	0	0.200506958	0.296404746	0	0	26.42899692	0.374559785	0.154195357	0	0.404347505	0.886579219	0
uvig_183077	1.168124206	17.59425238	4.890270196	3.657131121	0.794125835	0.15168351	0.701691265	0	0.118047093	2.496199783	24.17071022	3.627982652	0.694070525	1.228206627	0	0.057513114	0	0
uvig_184496	1.23314588	0.952809949	3.581179044	0.893318984	1.857267569	2.566896838	1.320873732	3.530226637	2.828172409	1.77025872	0.023211556	0.632781	7.936081241	1.576359426	1.844494968	2.985448377	2.697504771	1.329463913
uvig_184507	0.199035963	0.300791881	0	0.05588992	0.061287747	0	0	0	0	0.208267711	16.64420941	0.056139253	0.17588784	0.236971316	0	0.266319192	0	0
uvig_185472	0.562792694	0.891938297	0.222873587	0.48846856	2.008667512	3.239874462	1.301566094	3.198089966	2.488242945	1.592696861	0.068616796	0.490647687	0.244559369	0.258886212	4.478921564	1.745688924	2.977043408	3.215529923
uvig_186458	1.043213744	0.185862389	0	0.290093622	0	0	0	0.133283803	0	0.360334115	0	0.145693885	0.802277412	3.279964962	0	0	0	0
uvig_188646	1.316722431	1.188341036	1.410452598	34.99571778	2.231631719	4.02875857	1.497626202	4.118828442	2.519490103	2.495841867	0.028949367	0.478696366	0.530636843	0	3.614988592	2.78235088	2.242878634	3.768414692
uvig_194675	15.79606866	8.703568422	2.281351056	3.235036174	0.366813716	0.885018301	0.375293801	0.630936413	0.746158834	0.459238499	0.069247428	17.47197009	0.418060877	0.074647297	0.505351193	0.657154336	0.214600308	0.36056474
uvig_194720	10.60164339	0.363371001	0.345030632	0.415909036	0.124384739	0.052796317	0	0.052115406	0.215714758	0.105670896	0.329299584	0.23261885	0.670667099	0.22042998	0.060294079	0.030027792	0.230438066	0
uvig_195887	1.682443168	2.665399362	0.316358633	0.31778921	0	0	0	0.159282075	0.470925932	0.861241411	0.064932222	2.466598865	0.991830248	0.48996916	0	0	0.704295647	0.676191754
uvig_196581	0.821025217	0.467580562	0.369983699	0.87001471	0.592801804	0.754861545	0.065475116	0.931407668	0.385525888	0.692469272	0.227816105	0.084844269	3.711848375	0.179069519	0.538788551	0.321994412	0.353005213	0.395405563
uvig_197346	0.280555313	2.527406009	0	0.426132554	0.178014581	0.680040247	0	0	0.06615483	0	5.678172393	0.10191276	0.220606678	0.043018743	0	0	0	0
uvig_197653	1.629553928	1.597592176	0.9075812	1.216567061	0.253179773	0.099198117	0.413003413	0.489593822	0.463203261	0.19854328	2.19544204	0.909806002	0.701187571	0.489464423	0.45314215	0.225674865	0.309261593	0
uvig_198630	0.531037953	1.775752114	0.359843717	0.542206401	0.077217207	0.078661434	0.054583429	0	0.183653852	0.314878941	4.241529715	0.78510914	1.603602128	1.224108922	0	0.089477043	0	0.164815223
uvig_199299	0.730925764	7.19090447	9.728957177	0.193843668	0	0	0.062607633	0	0	0	0.471984277	0.097354216	1.746915165	0.410945204	0	0	0	0
uvig_201109	1.086530347	3.280982659	0.872961714	0.459629994	0.245863846	0	0.086898326	0.082410715	0.121825833	0.055699551	0.033595186	1.163584917	0.359213101	0.095064155	0.143015625	0.213674882	0.104112707	0.174926922
uvig_202392	2.890238092	1.805556928	0	1.320988788	0.563332539	0	0	0	0.837395861	0	0.206181856	0.663440952	0.251951828	0.311163693	0.234059147	0	0.638965099	0
uvig_204467	1.165697899	1.033522423	1.654614562	102.2971049	59.9408193	1.833429074	0.666402264	0.947981798	1.783573679	1.048450258	0.035131822	59.43513603	0.491914016	0.231962193	1.196457027	2.234483245	1.306497596	0.914640205
uvig_205716	4.869894221	7.202090291	12.60580075	4.329642295	1.040832508	1.773962885	0.53766013	1.569937537	1.404382713	1.006670873	1.238962268	6.420762619	3.137450608	2.228907841	1.513594959	1.345250107	1.474809138	0.939903835
uvig_205844	4.281841276	4.52077024	6.004521492	7.56000919	0.307042668	0.586472665	0	0.578908957	0.342315029	0.521695413	0.117997725	1.019529296	0.580772718	0.519396368	0.893012527	0.222370046	0.121893087	0
uvig_207292	3.106058452	5.965306695	7.295834591	0.199877084	0.159404464	0	0	0.100182246	0.177716485	9.614951987	0.081679698	0.091258529	31.11835809	0.154085797	0	0.173168659	0.063282091	0
uvig_207325	38.51731195	27.50883381	10.18583374	4.950299989	1.341380225	0.854042905	0.3703895	0.210757089	5.171850775	14.24459823	4.081024141	28.68240019	26.57526869	16.77507192	0.24383202	0.728602602	0.532515488	0
uvig_209614	1.861956095	2.009906966	1.648216522	1.449701285	3.283669247	3.318536859	1.335591355	3.013678829	2.324374396	1.771198107	1.709277091	1.671013153	1.142266951	0.906887654	3.183442216	2.94436071	2.60717237	3.337515931
uvig_210196	0.448675841	0.713575975	0	3.65894731	0.626314468	0.598151909	0.276706393	0.196812525	1.51290543	0.266042329	0	20.47394527	0.326807421	0.151354237	0	0.226798409	0	0
uvig_213354	1.779363011	85.43679694	8.999242513	2.27648053	0.177605371	0.050257556	0	0.099218774	0.234676469	0.335298703	0.343800216	0.25306646	0.22653522	0.076301962	0	0.114335509	0.062673495	0
uvig_216666	0.908483293	70.26908582	0.26093338	0.543289434	0.146327048	0	0.036941397	0	0.093221009	0.568283231	0.203513777	0.318332656	0.466296499	0.636501239	0.167192998	0.113544314	0.01659728	0.167317388
uvig_217100	3.039162019	2.764094522	3.367827484	1.113545353	0.907096278	0.17770425	0	0	0.103723223	3.438161859	0.715078417	4.042625681	12.45189941	1.956005894	0.10147028	0.505344552	0	0.372334499
uvig_218155	1.532815319	3.469171279	3.895017949	0.990861163	0.936111646	0	0.118164318	0.336186201	0.248488099	0.568051753	1.06212333	2.22024342	6.001053862	2.843900633	0	0.677961768	0	0.713596734
uvig_219929	3.079402247	0.383964459	0	0.227991107	0.285726174	0.667035958	0.084156084	0.419002964	0.495521825	0.404563845	0	13.93678519	0.186362919	0.046032112	0.484758732	0.379375269	0.491532759	0.254110155
uvig_223148	0.426098367	0.140570855	0.458823212	11.49007325	0.100246884	0.127652306	0.110722948	0.378017943	0.260780373	0.596152285	0.179784633	0.172173029	0.117693605	0.072676545	0.218670886	0.326708888	0.159188326	0
uvig_225910	27.74926152	40.12859064	16.48939489	4.743315848	0.533479334	0	0.538723961	0	2.209124253	9.323314714	3.045985311	20.55880311	19.30670939	15.61771703	0	1.600645335	0	1.830017823
uvig_228107	1.116279922	2.337351123	2.244315189	1.656689458	1.086269385	0.572372254	0.463366169	0.564990398	0.334084836	2.67305023	2.456762379	1.269504468	0.449538449	0.796570743	0.435771028	0.10851183	0.118962443	0.399753967
uvig_229040	0.191393298	0.117074122	0	2.34937339	0.11927199	0	0	0	0	0	0.073338725	0	0.124470928	0.184467804	0	0.069104449	0.075759795	0
uvig_229270	0.806369711	0.113827263	0.405307789	0.555191721	0	0	0	0.306100066	0	0.275848212	0	0	0.084713251	89.37328929	0	0.176368369	0.128902762	0.433156798
uvig_229980	1.330659129	1.397666124	2.20332985	0.593097103	0.288629378	0.137212945	0.136017881	0.116094271	0.308915003	0.340017211	4.038525816	1.961721745	0.630533815	0.126479551	0	0.078039568	0.048888824	0.041070738
uvig_230359	1.310856137	0.758499918	0.411552152	0.535558003	0.927287357	1.88926164	0.327741227	1.243263952	0.82704961	0.630220633	0.063352932	4.827368311	0.354825832	0.478052061	1.438374208	1.432684667	1.177998292	0.329872662
uvig_234678	0.467524817	0.355012265	0.140455744	1.696297244	0.196913043	0	0.024856111	0.353587353	0.167263972	0.0955927	0.057656739	0.148162145	0.220174575	11.6652987	0	0.101864768	0.134010255	0.225159848
uvig_234806	9.453863896	8.480971819	5.752080723	2.380529072	0.477967827	0.187272104	0.454820565	0.184856865	0.109307832	1.624227832	1.092689947	7.291320372	10.64750274	2.772120112	0	0.31953182	0.233536969	0
uvig_235440	2.984435655	25.30508732	9.067119803	2.191793922	0.240347655	0	0.070790565	0.20140438	0.952740428	7.350733582	6.773548131	1.59613957	26.06480967	1.161641243	0.233011554	0	0	0.427505671
uvig_238269	1.518048641	19.13783146	8.171974468	2.518648431	0.387634884	0.493606237	0.342515002	1.136893852	0.576220659	0	0.893817819	0.665759072	0.387675993	0.437151297	0.375803152	0.374316649	0.410366527	0.344742517
uvig_239614	4.050879776	10.01248627	0.689755325	0.641696182	0.034535998	0	0.061032161	0	0.025668943	2.200500973	0.106178577	5.247421054	2.045348592	3.722279716	0	0.400193055	0	0
uvig_239813	16.31300477	11.55649383	7.67804408	2.640307088	0.432493985	1.223841971	0.636920997	1.449669771	1.928711625	2.612797957	1.772897796	13.16138878	8.901544761	6.224500252	0.978350389	0.835268991	1.220950001	1.153913677
uvig_244316	1.000318236	2.648935521	3.08888656	0.438227832	0.099424492	0	0	0	0	0.225242534	0.10189128	2.018769521	0.700368515	0.160178513	0	0	0	0.353692106
uvig_247354	4.912500956	1.670481786	1.640863253	1.816857677	0	0.418472683	0	0	0	1.675131366	1.178748112	1.843776984	2.486433197	1.350082746	0	0.23800544	0	0
uvig_247884	0.690474574	3.006944782	4.489269989	0.799423864	1.321691201	0.755639035	0.429005805	0.949319124	0.92220554	0.183320992	3.897594636	1.395967587	0.274453008	0.312879633	0.235349887	1.17209476	1.284977457	0.57572774
uvig_249390	1.859486654	30.18725942	11.85070795	2.000262361	0.640033152	0.271668322	0.047127887	0.268164629	0.673916549	0.543739347	0.888215252	0.140459798	0.306135274	0.154669473	0.232686562	0.618043098	0.169391477	0.142303137
uvig_251681	0.625507125	0.35567393	0.153510024	6.355666216	0.046117413	0.234899837	0.162997775	0.173902759	0	0.078357979	0.070892425	0.105608267	0.282749777	0.044578666	0	0.066799389	0.183081846	0
uvig_252359	28.14403311	20.314641	22.29084237	4.051053104	0.353616102	0.900574849	0.859253821	0.888960181	2.628258087	8.336491514	3.940986399	20.99344805	14.1615204	11.32270125	0.257117041	1.504587533	0.350955769	0.589664931
uvig_258701	1.280225263	0.870117833	0	3.069822289	2.109757702	4.898951488	0.87726417	2.651873849	2.49048196	1.265182563	0.190773723	0.68206832	0.453295246	0.119962577	2.346150333	3.055906989	3.153145253	1.324454065
uvig_260892	1.659494774	1.223329155	0.865009546	0.914059888	0.148494733	0.189090119	0.262420519	0	0.110368979	2.144609686	0.989163412	0.459068818	1.026659412	3.157881719	0	0.215089198	0	0.594286081
uvig_262416	0.892712323	4.939803635	1.076895384	0.491711416	0.215680288	0.183095209	0.381151116	0.361467679	0.374044451	0	18.45612689	0.790248015	2.944817068	1.667871433	0.209097105	0	0.228328188	0.383629897
uvig_266196	0.597124555	0.505193785	0.337813532	0.430346249	0.253714477	0.206767848	0.215215342	0	0.181030795	0.206921098	10.48357509	0.464802241	0.47129704	0.176579334	0	0.205797847	0.064462266	0
uvig_266663	2.598874035	0.024147578	0	0.031407907	0.03444127	0.350854405	0.060864758	0.086582363	0.204788292	0	0.105887344	0.031548022	0.107827585	0	0.100170071	0.049886922	0	0.36756352
uvig_270749	4.462878917	2.172790317	5.781279856	1.040367197	0.647046684	0	0.120364593	0	1.113706278	11.91976032	1.535600797	10.69963846	14.4645819	3.555231613	0	0.049327552	0.10815643	3.452700131
uvig_271051	2.389775785	0.047928242	0	0.062338582	0.273436876	0.348188858	0.120804701	0.171849142	0.254040567	0.116148975	0	0.046962513	0.107008386	0	0.397636195	0.495079163	0.325655699	0.182385515
uvig_271698	1.037554486	1.186549111	0.917049323	2.332899542	0.472284942	0	0	0	0.234017759	1.471173256	15.68975246	6.939793609	1.642904446	0.304351165	0	0.114014582	0	0
uvig_276225	1.020576396	1.350901867	0.109322557	0.394342557	0.426954241	0.195165274	0.251505112	0.16512706	0.325471295	0.446422683	0.4263281	20.01567447	0.274193671	0.29630357	0.318401822	0.332999491	0.243380117	0.292085484
uvig_280596	48.53174744	49.49134484	16.55831448	7.798062956	1.760864235	1.233236435	0.933542014	1.106664952	3.27191383	16.6049336	8.075372221	35.73675356	40.78364359	29.53163419	1.216321285	2.231729099	0.978665439	2.466484698
uvig_280979	1.447027162	2.348175387	4.792719119	1.855348635	0.438208079	0.159430027	0.331887072	0.157373866	0.279170527	0	0.096231496	1.218524434	1.404592226	1.028711014	0	0.362701943	0.099408306	0.334045469
uvig_282601	1.009147102	22.30508308	3.767996796	5.129153513	0.28299498	0	0.083351654	0.296427004	0	0.160278683	2.175122057	1.771349691	0.97212932	15.18216977	0.548714318	0	0	0
uvig_287346	12.07891879	7.685975619	18.35370816	12.40684049	1.500801126	2.326543235	0.403599014	2.952691618	1.939953315	2.328267593	0.401227045	10.69895374	5.600936879	3.15375131	2.467160957	1.89030924	2.072362102	1.218671348
uvig_293756	1.414455932	3.621826623	0.937915286	0.699479862	0.195672287	0.039866406	0.09682201	0	0.430483993	1.994797697	0.176463801	1.659714067	5.57878309	1.452622172	0.045527953	0.045347866	0.22371863	0.417650068
uvig_294945	0.568330287	1.597507867	0.078594668	0.107659192	0.04722275	0.060132473	0.020863061	0	0	0.240708164	0.423450811	0.237906844	0.394249114	0.114117807	0	0	0.037493986	0.251984904
uvig_296212	1.555015837	87.56619498	7.760694916	1.457128247	0.2512354	0.102373746	0	0.151580156	0.268892879	0.136599497	0.308962461	0.142680785	0.157311888	0.058284651	0	0.189230757	0	0
uvig_296393	4.139369224	6.499201234	4.03853706	0.567757806	0.085140737	0.379457583	0.54542138	0	0.664450575	7.12462366	0.458078963	4.615942292	12.66140006	5.246621373	0	0.246646497	0	0.738267953
uvig_297218	1.980966328	1.663582284	3.21773741	1.21544716	0.058586136	0	0.414134666	0	0.696708025	2.488588845	3.602381814	2.334409697	2.87357259	6.795763059	0	0	0	0
uvig_299451	3.261454069	5.029441328	3.104134213	5.037045686	0.071734048	0	0.380306135	0.721332671	0.533164608	0.243766274	0.698381263	0.640653082	1.384925862	0.346702896	0.208633554	0.207808297	0.227822004	0.956948553
uvig_300460	0.823984933	2.197240957	4.37458376	0.860435236	0.471767874	0.085819921	0.476405817	0	0.100183522	0.68706822	19.13170738	0.895140678	1.564911562	0	0	0	0	0
uvig_302929	4.023209172	8.27732453	2.856612398	8.090382574	1.159705709	1.94930372	0.983729677	1.632623703	1.620472334	0.788181204	0.237695756	0.711730481	0.714051059	0.313883116	2.563422594	1.209449787	1.178604525	0.990127273
uvig_303877	31.28023423	0.483510736	0	0.805759471	0.732724395	2.195379003	0.533183266	0.650119593	0.512563514	0.952035997	0.022085405	0.444157725	0.652212612	0.166653274	0.376072697	0.81160111	0.958208679	0.919972756
uvig_305873	1.045269114	7.63180574	0.387519078	1.526121	0.116418309	0	0	0	0	0.791224207	13.89923345	1.346311766	1.03268929	0.618936514	0	0	0	0.310609358
uvig_306625	0.802775656	0.773408495	0.043712641	314.4357406	0.183849849	0	0	0.13205216	0.117125771	0.357004354	0.053831796	0.174419972	0.095931833	0.253879343	0.07638781	0.228256965	0.041706675	0
uvig_306928	4.103152467	6.853999422	6.246385634	6.133953683	0.976306095	0.193746697	0.313696774	0.318746593	0.188478253	8.918953596	4.339956533	1.23690929	0.595438964	0.857937091	0.590029979	0.330579053	0.161074057	0.135315802
uvig_308234	15.67652031	6.351907709	0.327788523	2.768867978	0.065649388	0	0	0	0.29276416	0	0	15.33429562	0.274043897	0	0	0.142636112	0	0
uvig_309497	2.819078868	1.138112904	4.298115755	1.076584364	0	0	0.325983041	0.370978318	0.658090285	1.50441547	0	5.085898975	30.43474002	6.561727835	0	0.427499685	0.117167885	0
uvig_309747	3.819410286	0.551358062	0	0.336834763	0.405111247	0.667583886	0.421126063	1.018414504	0.885587259	0.485875402	0.048842627	15.51440825	0.186516004	0	0.623773196	0.517754866	0.681142877	0.25431889
uvig_313824	1.680225948	1.161015315	1000.035496	23.44355726	1.642362719	2.004931238	0.815547697	1.842585897	1.936961163	0.830241612	0.139100069	0.609218041	0.410781774	0.262407251	1.342213014	2.280600671	2.715780015	1.883129996
uvig_318656	6.609552528	12.79980188	5.174635561	6.979180283	1.434980041	2.03030431	0.563533953	1.202471747	1.777585858	1.354539403	0.081699047	0.894545452	2.870264445	1.155917245	1.854907097	1.50115058	0.253188331	0
uvig_321869	0.053541555	0.127729077	0.04664701	0.019169161	0.168164089	0	0	0	0.083325509	0	17.6644761	0	0.014624515	0	0	0	0	0
uvig_322655	0.397430602	0.818762307	0.293988797	0.214776885	0.186453299	0.724773405	0.069368644	0.345378088	0.218813292	0.466866582	16.83509459	0.310119113	0.256027101	0.07588721	0.285414012	0.397999065	0.093499235	0.104729664
uvig_322900	1.73866753	14.3647153	2.735945084	3.208401174	0.400942148	0	0.212563997	0	0	3.814942773	14.89475491	3.121717555	1.673675139	0.193782184	0.058305636	0	0.19100437	0
uvig_327352	4.188278959	9.45008314	4.312400622	7.372562859	1.071303219	2.157300542	1.408901637	0.87684386	0.814765455	12.19143226	5.642607809	2.738534197	1.079000167	2.071116527	1.159371866	0.505218844	0.31650041	0
uvig_328398	27.12506608	30.23456675	13.35281025	13.44998347	0.899117052	0.880705417	0.427787083	0.695477603	3.598378958	14.92433163	5.10327552	23.15545032	25.40650969	27.21005502	1.609243225	2.153867051	1.208108395	0.553588917
uvig_331758	5.642466434	0.694447331	0.295883088	0.341611235	0.279365634	0.129359424	0.044881466	0	0.28314411	0.863035339	1.978051187	0.319871806	0.278290932	1.644815642	0	0.147145789	0	0.067760023
uvig_335993	3.323331419	1.181086331	10.23758016	1.081104158	2.655557611	5.428854237	1.26102074	3.860180333	3.484269437	1.933736212	0.092566115	0.494355391	1.548257656	9.01925877	3.388885752	4.193184596	3.040777151	2.193022256
uvig_336069	5.543875344	9.942249928	6.751009646	17.96881962	1.401556923	0.419932605	3.962939702	0	0.416683889	0.840487691	27.84791342	5.225897436	8.990991161	0.637549538	0.047956848	0.14330146	0.104735073	0
uvig_349986	0.42218212	0.553384819	1.313634778	0.323895693	0	0	0	0.69446626	0.117327226	0	0	0.144595839	0	88.65456191	0	0.285811955	0	0
uvig_355065	0.583208815	2.631331906	1.260721651	0.25642442	0.149202748	0.175376945	0.223106845	0	0	0.351013857	12.60874589	1.371945783	1.155820102	0.13313028	0	0.066496841	0.072901052	0
uvig_366403	1.22970557	0.877570702	1.884793686	0.611477895	0.11920608	0.758972773	0.105330744	0.299673736	0.17720027	0.405085493	0	0.627854801	6.702165543	1.670815662	0.693405405	0.086332827	0.094647413	0
uvig_366661	2.856747336	3.627994458	1.730680959	0.733785471	0.247585906	0.378324921	0.262520916	0.373445684	0.625663489	1.850959359	0.811931769	2.653412366	2.389995661	2.201789899	0	0.609652545	0.786314438	0.264228196
uvig_368605	1.274444476	8.963572664	0.506616406	0.231321514	0.240979336	0	0	0	0.075414033	0.086199447	0	1.185002704	0.330899165	0.098079517	0	0	0	0
uvig_371277	0.734256024	0.752969948	0.094074396	0.231954058	0.395665034	1.151615231	0.199777406	0	0.084022501	2.881171928	29.45535267	1.514427442	0.442405336	0.546376184	0	0	0	0
uvig_372253	0.367659097	0.337342269	0	0.748488715	0.056605343	0	0	0	0.084144047	0.480889969	6.134532045	0.453689206	0.251059013	0.164149971	0	0.081990772	0.044943591	0.302051274
uvig_374792	2.513772335	6.513930469	1.323671056	1.499984635	0.253054244	0	0	0	0.161214022	0.122846806	0.259332689	11.93751203	0.58475877	0.279555281	0	0	0	0
uvig_378528	4.800731427	4.322643369	0.780741052	3.055603523	1.273270773	1.877360325	0.473711471	1.853148104	2.789273962	2.277274864	1.33919993	3.284081447	4.930440782	3.238913146	1.559250804	1.504549283	1.596242109	1.787970788
uvig_378623	3.766527654	11.10529052	7.002389565	10.79558088	1.031203312	1.470686504	2.186816217	0.414776896	0.73578598	22.42707091	9.384278807	2.418116566	2.410581271	0.956924471	0.239934725	0.238985654	0.262002006	0.440207595
uvig_380418	0.570410592	0.918201866	0.348743041	0.310510963	0.57623076	0.53364387	0.092574312	0.263380746	0.233609758	0	44.39692586	0.19193612	0.369009023	0.15191027	0.609428225	0.227631604	0.332739285	0
uvig_380984	0.653401478	1.224831115	1.040588252	0.972626319	0.073556014	0	0.064994249	0.092456717	0	0.749873014	17.67684163	2.551900847	0.508549849	0.462161402	0	0	0.175206325	0
uvig_382713	4.17270391	3.645341297	3.287316153	0.807886633	0.522833323	0.147947807	0.256653683	0.146039731	0.474951662	0.789639791	0.416737352	4.709306849	3.78904906	3.481565488	0.168958315	0.252434992	0.645742135	0
uvig_384644	0.620367916	1.689106343	0.477636275	2.379467515	0.143491277	0.192335602	0.080077387	0.113913036	0.06735799	0.744248865	12.97922018	0.861259885	0.882712717	0.029200751	0	0.021878092	0.047970277	0.080598163
uvig_386381	65.62260054	105.2313012	22.69066808	11.93316778	1.136120067	2.686750438	1.36240598	1.836068922	5.730015236	11.58227224	0.332659418	13.95626184	76.24103543	10.74679318	4.720467491	3.114939526	2.061847369	3.031220158
uvig_388303	0.881899506	1.74037682	0.396364494	0.342470584	0.366386599	0.186619644	0.226617981	0.460532051	0.272317504	3.579527583	0.03754769	7.391770358	1.280895939	2.408300203	0.479524626	0.238813924	0.145452076	0.293260848
uvig_389121	5.483483156	0.444266686	12.5498376	0.433381562	0.380189912	0	0.335936609	0.159294072	0.470961401	0	0.194811339	0.507867427	1.157222443	0.122501516	0	0.642473071	1.207454903	0.338121342
uvig_391953	0.242460546	0.052345288	0	281.6366471	0.149318349	0	0	0	0	0	0.038255759	0.034193705	0	0	0	0.054070544	0	0
uvig_392479	3.35129231	9.802235513	0.254999692	1.903681061	0.689462046	0.195099266	0.473830093	0.192583081	0.455505702	0.260325156	6.790904126	2.719146013	1.93869307	0.296203356	0.445611787	0	0.364946703	0.408781374
uvig_392738	14.76613362	24.63102555	43.48630625	207.8758649	2.261100593	12.15678557	1.331942173	1.263157908	2.73870196	2.561220165	7.12324447	17.777424	135.5930284	771.4559785	1.217825166	4.184877651	2.260712711	8.043626018
uvig_397366	1.690741402	0.458842438	0.62240479	0.454704953	0	0	0.110145462	0	0	3.600618218	0.670676063	0.28545841	0.227655095	66.45344666	0.181275324	0.225697854	0	0.6651707
uvig_401215	31.91807391	8.030743277	2.673844639	3.201418419	1.6660523	2.954969424	1.20924745	2.617694274	3.051516104	2.426387324	0.060978149	30.65816053	0.745145882	0.747714977	2.768913585	1.594446231	1.748004968	1.587536974
uvig_409788	1.283852328	0.265529869	2.223308959	0.285711359	0.189360319	0.070146185	0.206867347	0.086551891	0.261013178	0.257393307	0.589232096	1.072255225	0.395228662	0.10649725	0.020026963	0.069817111	0.12027886	0
uvig_413650	0.776165671	1.100616734	1.35243767	0.277885924	0.44323497	0.752541647	0.130547785	0.278563559	0.549058658	0.125516568	5.015477512	1.421003116	0.751652046	0.142815351	0.322279623	0.160502417	0.410573719	0.197095186
uvig_414386	1.060409648	0.467025241	0.615907148	0.674937039	0.148024441	0	0	0.279090445	0	0.25150795	0.151697026	0.271179211	0.3475725	56.8764774	0	0.268009996	0	0.39493596
uvig_416283	56.53935011	33.35858395	4.33902482	10.02983866	2.639644007	3.402765171	1.26698001	2.457716986	3.148760798	2.547044077	0.13358693	68.85044763	0.748191005	0.756020743	1.137366435	2.312937896	2.949684268	0.869467976
uvig_418132	1.71138103	16.80473082	2.870882145	0.339340338	0.306037435	0.03542743	0.258123718	0.104911574	0.289498209	2.85993084	0.627260857	0.847357126	19.93204555	0.107573175	0.161834341	0.020149275	0.044179643	0.222687773
uvig_418142	0.644511766	2.173669339	0	64.75570573	0.030394773	0.077408148	0	0.03820491	0.090363879	0.309862083	0.031148887	0.104405441	0.11894868	0.117522499	0	0	0	0
uvig_418838	2.007004779	9.843304193	3.434676965	2.038759633	0.625360076	0.31852823	0.718340328	0.157210094	0.092960002	3.400152667	2.59554649	2.105137477	3.9646595	5.138202377	0.090940843	0.588777301	0.297914568	0.16684892
uvig_425903	29.22524973	19.35199456	3.393844587	6.796245565	0.339859093	0.123648438	0	0.183080626	0.36085841	0.164986777	0.049755889	32.28720439	0.076001397	0	0.141208121	0.527435878	0.154195317	0
uvig_426811	0.366472218	0.2198579	366.6826356	0.075695678	0.18445853	0.093954269	0	0	0.082259482	0.250730414	0.037807014	0.076033367	0.086624495	0.106982347	0.053648498	0.053436289	0	0.196857509
uvig_432191	0.347234179	0.36411608	0	0.118398251	0.108194258	0.165326794	0.03824027	0	0.160831156	0	6.109412487	0.163523858	3.455056066	0.125501116	0.062935115	0.062686173	0.034361692	0.230933772
uvig_433285	0.926379784	2.728198092	0.423071308	2.759426945	0.166206246	0.224093216	0.138221355	0.049156244	0.087199831	0.730919222	3.76729736	0.662709363	1.137634482	2.041335079	0.056870525	0.198259499	0.093151533	0
uvig_433958	8.841827297	24.38729836	5.326371925	2.37578568	0.720065827	0.967856747	0.812988265	1.106222928	2.601619175	4.112191753	2.992720737	7.685898289	9.403595854	7.327756652	1.105304966	1.042989055	0.984626973	1.280778979
uvig_435637	12.12524039	8.051581259	4.138424653	1.61113986	0.392609587	0.166646973	0.231273773	0	0.194538524	2.890688438	0.905288609	4.825013114	8.706614088	1.454787679	0.380626013	0.473900541	0.207816478	0.174583381
uvig_436116	2.469905642	13.82077662	2.058296994	1.273029299	0.037475919	0	0.132455205	0	1.225577972	18.14744301	0.384057217	13.98855564	9.933801351	7.027747547	0	0.434260003	0	0.499937308
uvig_436340	0.417819331	0.839179855	0.257964623	0.722426212	0.275547083	0.21929747	0.213039736	0.259763042	0.025600109	0.702272019	11.35711501	0.836073913	0.242626964	0.033294152	0.150264334	0.199559944	0.191431856	0.183793046
uvig_436701	2.954399104	2.727412658	4.500484304	4.79122044	1.850151093	1.449811754	0.754521883	1.788892007	2.256620556	1.289676718	0.291700704	2.68332032	2.772426729	1.054708762	1.51772852	1.649154643	0.979323727	2.658000962
uvig_440553	1.512450216	8.397881167	1.753152494	0.627481679	0.237856067	0.259612279	0.600486066	0.085421358	0.681892532	0.69281252	33.53405856	0.933749574	1.737567699	2.660500478	0.197653728	0.344525827	0.377706596	0
uvig_441164	0.253697591	0.427290982	0	2.857614026	0.03638434	0.138993197	0.03214928	0	0.027042727	0.370923239	0.372870601	0.024995898	0.256299488	0	0.052910678	0.026350694	0.05777698	0
uvig_443747	0.181413939	0.032961329	0.039122097	383.879132	0.014103651	0.065850758	0	0.017727678	0	0.015975652	0.592596469	0.047369191	0.044155243	0.240850919	0	0.068095413	0	0.025086123
uvig_448159	3.827675362	2.427025593	9.082546397	4.363738483	2.117699647	5.393269783	1.4393876	3.890405695	3.692808847	3.321395138	1.001649779	0.988552782	0.595002125	0.551126362	3.316483739	2.654489947	2.069432827	0.869249115
uvig_451553	1.375089757	84.1919483	0.036084924	0.306461213	0.043362467	0	0	0	0.032229232	0.736770576	0.166643697	0.208528902	0.186666936	0.230536027	0	0	0	0
uvig_453172	0.138329381	0.194615065	0	0.852934619	0.048274102	0	0.042655098	0	0.107639441	0	9.078077964	0.221094111	0.409323833	0.046663395	0	0	0	0
uvig_453807	9.182667864	6.368495895	1.213825865	1.315046125	1.524929382	1.519680136	0.93734318	1.833432209	2.020420328	1.802437301	0.339731282	1.958594737	5.604493578	1.538137876	2.313992583	2.400874481	1.789827402	1.415158658
uvig_454815	8.841352047	17.19070617	4.936827452	2.417226814	0.925634868	1.446567071	0.66918512	0.740398176	3.049001354	3.574417825	2.770344605	7.780231738	9.078038163	6.771632671	0.887184309	1.386455634	1.068999108	0.729665196
uvig_456586	6.816239108	2.162187668	1.055309106	0.617650631	0.17292845	0.293604678	0.101866629	0	0.342745023	0.489703814	0.797485142	4.052439561	2.240788836	2.618817177	0	0.584454605	0	0.461380992
uvig_458475	3.476362943	2.51582388	1.36505319	1.741301166	1.384049266	1.174946456	0.815299236	0.644329573	1.714495207	2.438732154	0	0.962575081	10.44499625	1.783825692	0.596357379	1.63349578	1.13960975	0.27353382
uvig_460146	0.954988064	0.198863122	0.295040522	0.897207041	0.106363131	0	0.187965374	0.356516902	0.527030597	0.240961765	17.16782618	0.365355246	8.278704135	0.205628466	0	0	0.337801398	0
uvig_460500	1.087952469	55.22575902	19.977906	1.348314491	0.219042103	0.334708416	0.077418426	0.660783396	0.390728256	0.223304327	1.122383419	0.601924227	0.377173356	0.635200723	0.637068924	0.698003873	0.208698432	0.233765729
uvig_460769	11.76130243	4.504419614	9.908267316	3.0085424	0.644938072	0.631731377	0.263016296	0.124716794	1.253688252	9.187967456	0.762622403	6.168896288	2.485108534	2.781408547	0.721445431	0.898239659	0.157559645	0.529453598
uvig_460930	0.593069258	64.6970703	0.105989691	0.511777016	0.03980172	0	0	0	0	0.0811524	0.163156908	0.138541027	0.236758813	0.184673765	0.069456342	0.011530268	0.025281461	0.042477121
uvig_462314	3.595974081	3.075984437	1.372993083	5.847359577	0.524966872	1.90994842	0.265063907	1.319721139	1.114807367	2.038788279	0.07685595	3.400415795	3.737116999	0.507450899	1.526830118	1.629418593	2.381793955	1.00045397
uvig_462472	1.982539304	1.586459715	1.698932226	0.915366128	0.102078493	0	0	0	0.126450041	1.214089144	0.26152782	1.394758449	1.109666501	0.559144482	0.098962763	0.049285656	0	0.363133432
uvig_462788	28.91236097	46.50202868	19.08087554	24.94420446	25.54514121	37.62350343	8.702357868	19.82642286	32.42569246	41.18120644	9.501691122	41.93533896	27.16048308	20.15587441	20.58812857	28.2524255	25.04750201	14.37015702
uvig_469041	31.24253197	14.76779869	5.049627026	6.092274553	0.525117705	0.742971128	0.4124401	1.026744693	1.214250132	0.198272478	0.298970125	30.0227314	0.578451855	0.225598533	0.84848267	0.929639113	1.019171269	1.089696213
uvig_474482	0.268337199	0.761013846	0.478193366	0.33479341	0.335203489	0.040651541	0.056416478	0.160509042	0.427098172	0.433937823	6.297868711	0.657952767	0.41644601	0.432025514	0	0.393048106	0.050694351	0.170350133
uvig_475341	14.13244295	13.93939974	5.349556642	4.183958746	1.347899905	2.772626503	1.374239079	1.694251669	2.928423365	3.875745565	2.072013301	9.509327119	13.4714115	6.163842523	2.412476533	2.327842211	1.152531132	0.82990579
uvig_483976	0.768583359	0.090026386	2.137062438	0.200035856	0.149803581	12.91695901	0.359281207	0	0.15905969	0.072723109	0.471526659	1.058548795	0.748166782	0.08274586	0	0.092993578	0.186907694	0
uvig_498906	0.82054155	1.737416433	0.137477006	0.207148018	0	1.051831192	0	0.103826578	0	0	13.92508324	0.605300754	2.111950842	2.79459214	3.603614616	6.87960741	6.361658235	3.746540497
uvig_502448	3.049322077	2.72654381	6.321799409	1.164924824	1.582660136	1.727422847	0.839065103	1.36411549	2.016540023	2.074443788	0.370726169	2.640540156	15.34851579	3.103416727	0.986369655	1.702944592	1.866952645	6.876821072
uvig_503101	1.140625122	31.80983888	6.43835988	0.805238884	2.14444934	3.855102207	1.783378791	3.3825628	2.500181736	2.286198212	0.387821393	2.696103889	0.241344699	0.325160461	2.201288376	3.288871651	4.273325004	1.794976831
uvig_503398	22.57810718	4.611578787	26.01480528	5.83064273	1.217535912	2.702347085	1.009705625	2.42810447	2.436754426	1.687329472	0.174265893	3.470379043	1.618426782	2.077676656	2.453066121	2.433510659	1.98740742	1.342931059
uvig_503689	5.317798442	3.190310042	7.028735505	6.542959028	0.892212503	1.43909158	0.893475632	1.345766863	1.547323305	1.313828522	0.594326779	6.3269695	3.157991298	1.696138025	1.210971456	1.873888983	1.652933683	1.269580615
uvig_503939	0.593334313	1.231793005	1.044304378	0.708093045	0.188237674	0.639194552	0.221769608	0.236606585	0.326451981	0.692973994	0.401891617	2.959957595	1.301433227	0.545870884	0.182492118	0.408983095	0.298914431	0
uvig_504185	4.445098413	4.149123036	1.876049989	2.533106726	0.362315637	0.205051214	0.142285717	0	0.059842612	3.693657448	0.660097653	4.056301442	4.957423679	5.759282912	0	0	0	0.859266352
uvig_505100	2.661232315	5.008799107	0.039633256	216.6866514	0.071439631	0.090969747	0	9.069448037	0.035398424	0.283226755	1.110383457	1.161530261	1.404092946	0.55244789	8.137942854	0.327679374	0	0
uvig_505624	3.179856756	0.075052057	0	0.268448333	0.080284083	0.477083086	0.283756742	0.470930169	0.238685162	0.363761283	0	0.036769898	0.09774751	0.05173689	0.155667164	0.232577126	0.212480235	0.428403192
uvig_505859	0.245127946	0.395850263	0	0.175523366	0	0.065358433	0.272114597	0	0	0	0.05260021	0.09403008	0.107128075	0	0	0.037172468	0	0
uvig_506290	11.49523868	0.417992812	0	0.283915812	0.529934118	0.269922854	0.234125453	0.266441673	1.024073683	0.270122912	0.081462321	3.774116023	0.22121335	0	0.385319254	0.383795109	0.336606275	0.565555359
uvig_507847	9.539853799	0.374515294	0	0.14160433	0.049689735	0.094910821	0.065858933	0.03122892	0.036931986	0.084427703	0.012730643	0.113788837	0.103711315	0.048031795	0	0.071973767	0.05917909	0
uvig_509342	0.602694902	3.659540555	2.162118385	26.26371692	0.046395903	0	4.263533861	0	0.413806068	9.853895056	9.461856254	0.074372203	0.714169195	2.421784641	0	0.201608314	0.07367497	0
uvig_510781	1.742639893	0.752651821	1.140777162	0.484877902	0.927337723	0.500578845	0.329540327	0.190047271	0.344622721	0.359656308	0.583636151	2.495219581	0.649555885	0.282559703	0.205213988	0.321203546	0.408160163	0
uvig_512899	13.78563632	2.132491093	2.63508943	2.716663366	0.583308079	0.106110348	0.294521286	0.314225543	0.247739878	3.964389075	0.555081746	2.289887648	5.674269103	1.610987149	0.121179394	0.54315029	0	0.444655017
uvig_513534	0.706753238	0.726292023	0.862042495	0.3879864	0	0.188441525	0	0	0.109990405	0.754324766	14.90030029	3.185515003	1.737403963	0.786762484	0	0.107175713	0	0
uvig_514433	12.97626217	17.12244582	12.53441169	7.718017378	0.913976305	0.558642483	0.581465803	1.838125665	2.010771052	4.099747894	3.109686857	12.1561072	13.33434137	7.562594774	0.850635955	1.853405823	1.27719716	1.950824376
uvig_514703	2.733439053	0.201287496	0	0.246099125	0.401930001	0.263216233	2.739699236	0.086607182	0.221917578	0.273167295	0.070611798	0.120968748	0.095874216	1.132256127	0	0.099802445	0.072942846	0
uvig_515505	2.772584487	15.1032173	6.566567736	7.468981527	1.197726109	0	1.992119189	0.088558219	0.523654176	3.830688706	12.96034868	7.260291964	4.227716926	0.442674067	0	0.255126843	0	0
uvig_515684	0.670144095	1.844653902	1.13003159	0.825557531	0.339483587	0	0.099989472	0	0	0.961359494	15.22090507	1.852834148	1.107129097	0	0	0	0	0
uvig_518590	0.34431842	6.597283302	5.646692616	0.290057063	0	0.1350082	0.093682637	0	0	0.90072176	14.5324819	1.347498599	1.355401344	0.307457963	0	0	0	0
uvig_518634	13.43536626	0.733481988	0	0.563735707	0.808390655	1.574358003	0.588243509	1.434511004	0.565494417	0	0.146196594	0.500914002	0.347376043	0.18386306	1.106422937	0.482145318	2.642900069	1.014975594
uvig_519284	0.702527947	19.66349892	14.40512942	0.169374985	0.111439894	0.094603503	0.065645684	0	0.110437205	0.252462987	0.076136528	0.238182827	10.87381058	0.287257617	0	0.376638774	0	0
uvig_523481	1.231537826	3.418933083	3.851625176	2.129229428	0.661202012	0.420980477	0.292119747	0	0	1.966031639	1.905769336	1.381656282	0.646896652	1.198388318	0	0.059857936	0.131245528	0
uvig_525660	5.215236362	2.104729775	0.089618747	19.56794493	29.80400918	45.73415745	10.80039566	31.91236862	41.00199633	32.79929515	0.234525263	0.413080646	0.491693624	1.275220473	0	0.545962299	0.470283875	0.574659121
uvig_527169	6.180350157	10.09754763	9.263667281	2.775805558	0.76532137	0.708759556	0.92214488	0.69961872	0.879095492	1.773212164	0.499106048	7.265223423	4.392744974	5.514766593	0.607059459	1.410869163	0.331445972	0.371256786
uvig_527170	23.66903743	13.86253567	2.357244629	5.592558987	0.283264953	0.577125963	0.100117404	0.284841399	0.842148757	0.57755371	0.087087884	22.50895307	0.192147909	0	0.65908534	0.656478304	0.989591281	0.604611051
uvig_527729	0.547802472	1.315611834	0.896868112	0.241318864	0.07698192	0.073520387	0.034010693	0	0.371910183	1.896596859	2.208972991	0.207137905	6.010247625	0.074413352	0	0.05575275	0.122244428	0.205391273
uvig_528432	0.205491452	0.078435476	0	334.6218873	0.008605474	0.065748191	0	0.021633413	1.016969374	0.029243076	0.149922678	0.007882568	0.024696586	0.083183445	0	0.236829569	0	0
uvig_528435	0.314563405	0.156338432	0	296.1078383	0.017152522	0	0	0.086239903	13.08010793	0	1.24804423	0.031423239	0.035800364	0	0	0.099379208	0	0
uvig_529021	7.224259196	20.35702424	9.091321059	0.402337918	0.25211175	0	0	0.105631175	0.187382515	0.142787477	0	0.865998865	0.394651544	0.812332747	0.122208287	1.278111322	0.13344803	1.345291296
uvig_529959	5.137969509	8.603592583	5.483532782	2.437359101	0.470674422	0	0.237650808	0	0.399805276	9.482414553	2.239492211	8.145377312	8.701090861	4.159725385	0	0.584361182	0	1.255780826
uvig_530022	16.73556431	19.96150248	13.21077708	5.228837422	0.689313686	0.425579529	0.369138805	0.840181703	1.894081963	8.588881583	0.941888025	15.7469252	17.1556491	5.290130448	1.579556372	2.723033733	1.592152026	2.340698633
uvig_532722	0.242379829	0.238780296	0.088913088	275.6915213	0.060100268	0.102040583	0	0.016787428	1.31030924	0	0.451670237	0.088694128	0.094079961	0.103279948	0.019421945	0.164433527	0.063624662	0
uvig_533592	0.960838884	0.321374709	0.453607316	1.474300128	0	0	0.02189285	0	0.165738744	0.968259312	0.584005628	0.16454191	5.145506083	0.287401436	0	0.017944159	0.098361672	0
uvig_534725	0.225149331	0.713652872	0	0.146561564	0.133930354	0.272870624	0	0.067337856	0.039817591	0.273072867	26.18792108	2.944307908	0.517142464	0	0	0.116395936	0.382817564	0
uvig_534940	0.172102676	0.548806309	0.688253856	2.595990095	0.044306768	0.094032202	0.039149554	0.185638947	0.109770285	1.104128906	1.074609813	0.12513636	1.290812292	0.256970607	0.085908796	0.160441838	0.117262502	0
uvig_539326	0.750483712	0.362678751	0.232684677	0.168928017	0.013980605	0	0.024706585	0.070292056	0.062346662	0.095017644	0.136110999	0.076836964	0.193317565	0.297310869	0.040661631	0.141752775	0.066602045	0.074601786
uvig_540047	0.722783556	0.308457439	0.146444357	0.106986603	0.630591394	0.29878401	0.155495411	0.294930608	0.21799451	0	0.090172575	0.214927771	2.915439442	0.170107303	0.511822826	0.382348719	0.093149368	0
uvig_540511	0.535461344	0.182341001	0.288562886	0.184461308	0	0	0.051066272	0	0.042954967	6.382767954	0.148067948	0.105876695	3.226715345	0.195527382	0	0	0	0
uvig_540784	0.387991754	0.309984926	0.045990485	0.264591148	0.013816441	0	0	0.034733333	0.02053819	0.046950959	0.042477708	0.110738136	0.162210204	0.547573185	0	0	0	8.662780277
uvig_541910	0.599056722	62.55807178	0	0.08936528	0.244990364	0.124786263	0	0.246353802	0.072835813	0.166505001	0	0.089763951	0.076700769	0.189452839	0.427522596	192.0500132	0.311228475	0
uvig_542575	0.381974299	0.56952521	53.45398849	0.284908249	0	0	0	0	0.092884054	0.212335923	0.128070417	0.114471706	0.032604283	0.362400318	0	0	0	0
uvig_542829	0.899974094	2.090212757	0.980105563	0.77196699	1.693046541	2.999499712	1.170766565	1.850509573	2.626142418	2.751579273	0.377185251	5.006456959	1.209904466	0.426927804	1.712733799	3.411918038	1.7533663	1.178380537
uvig_546131	0.492304069	0.316988864	0	6.833810973	0.090423142	0.115142957	1.398216381	0	0.268828655	0	0.0926666	0.403782209	0.141546883	0	0	0.261949237	0.071794294	0
uvig_546340	0.986066465	0.772058742	0.458181711	28.44681141	3.165875151	5.784125045	1.459499462	5.36349551	3.887635337	2.338752344	0.035265463	0.630418458	0.359116548	0	5.004201415	3.289708696	3.715824591	1.65261508
uvig_547729	1.119969939	6.834476972	1.316490032	1.262332158	0.232646676	0	0.082226838	0	0	2.52985199	4.386905833	2.1203761	1.335331217	0.134930531	0	0	0	0.248284777
uvig_549670	0.529965048	0.166719299	0.659602087	1.264934645	0	0	0	0.39852033	0.235649313	0	0	0.07260444	0.082717933	138.14274	0	1.090690088	0.251733226	1.268862932
uvig_549878	0.521911301	0.467866358	0.574914108	1.245711747	0.219819651	0.159950739	0.027747587	0.157887863	0.280082321	0.800346447	0.651684122	0.147419628	5.06321558	0.151775128	0.045666455	0.159200369	0.074799737	0.167568244
uvig_556404	10.39808458	2.074988368	0.20311936	0.264321784	0	0	0.107836618	0	0.181415958	2.073613451	0.0312675	3.814829582	1.703463236	0.471880068	0	0.176773461	0	1.302455082
uvig_556735	2.080754733	1.853839145	5.123175633	0.593808771	0	0	0.139482452	0	0.058663613	2.816244871	4.853194751	2.024341744	3.274156431	2.517728522	0	0	0	1.263506066
uvig_558797	4.846141855	3.118348161	2.823874939	1.062802827	0.658910487	1.258564461	0.305662716	1.283743913	0.636657337	1.343463752	0.337629248	2.63302406	2.342245428	2.57954775	1.10192766	1.073708751	0.653953355	0.703201293
uvig_559112	0.477716241	0.416407992	0.208100366	0.399079032	0.250069677	0.159216775	0.110481047	0.471490092	0.46466185	0.212446375	0	11.8826173	0.587182375	0	0.181827623	0.905541987	0.397101354	0
uvig_559686	20.66826417	33.08848433	18.16711029	5.397926806	0.28091387	0.204405661	0.921945472	0	1.729972153	13.09165822	4.030369427	29.49939788	22.34287352	14.43046119	0	1.86008449	0	1.284841744
uvig_560376	6.48652017	5.466985862	2.20895809	2.597176627	0.608313022	0.492935679	0.732963642	0.973156625	1.603005497	7.141119625	2.465286076	6.572563079	9.363723792	8.873698016	0.884618338	0.640813963	0.395173012	1.770552969
uvig_561683	4.811081209	6.511553412	5.013159537	2.823116311	0.167339017	0.213086041	0	0.420675761	0.684062653	2.13243973	0.728835943	6.495310152	4.474974338	1.860189477	0.486694048	1.030133937	0.132864071	0.892936261
uvig_562629	0.236578537	1.089608735	0.525389454	0.398591953	0.121413281	0.092763096	0	0	0.036096257	0.577620391	15.54076068	1.751619305	1.558478334	0.633756002	0.070624439	0.035172541	0.038559956	0
uvig_565240	15.97797944	12.27097094	2.954264726	8.206829117	0.568012092	0.723294839	2.133060907	0.267737453	0.316632012	0.723830922	21.53787949	12.25947625	2.167319434	4.941538908	0.413006047	1.234117159	0.112747762	0.568305813
uvig_565291	1.048905857	0.50794075	0	7.510669028	3.050387635	0.971075117	0.673832239	0.575130726	0.453441227	0	0.156303489	0.209560421	0.616774207	0	0.221796077	0.552296887	0.605487776	0
uvig_566801	1.724417234	1.012622968	0.300472813	0.178355009	0	0	0	0	0.178911431	0.511246578	0	2.218712218	1.397338414	0.232682779	0	0.087166513	0	0
uvig_567821	0.061397521	0.309841061	0.267456819	0	0.160698517	0.102315082	0	0	0.059719732	0	6.690350639	0.285198047	0.052407247	0.077668336	0.116845152	0	0	0
uvig_568287	2.470830576	16.07706322	1.348344796	1.207755418	0.785481904	0.663820747	1.599746561	0.619840053	1.63362318	0.706206346	54.62246451	0.91147076	2.227580493	0.551579941	0.38929044	0.474484271	0.419500922	0.563865887
uvig_573262	5.104879409	0.440495528	5.297991214	0.725720289	0.167538964	0	0	0	0	3.131315295	0.472163224	0.153464806	0.262262711	82.67490444	0	0.970696287	0	3.576012788
uvig_573395	0.747869765	1.008295519	2.526482705	8.451596219	0	0.203473897	0	0.702973967	0.237529137	0	0.655019979	0.768428014	0.979689041	14.67359919	0	0.57862671	0.380612031	0
uvig_588944	5.363542299	0.449659149	9.72528133	0.763561829	0.142520229	0.181482309	0.125931175	0	0.211856836	0.242155757	0.073028125	0.342687913	0.278873497	0.137764918	0	0.206435347	0.056579207	0
uvig_596511	1.145759508	0.378461247	1.098042091	0.300820213	0.119953933	0.152746855	0.105991549	0	0.267467934	1.120973819	0.522452798	0.082407877	0.187773894	23.88602273	0	0.173748892	0.095241194	0.640085129
uvig_596710	0.042449996	0.077899218	0	0.025330195	0.05555315	0.282960927	0	0	0.082579959	0	7.543418601	0	0	0	0	0.08046671	0.088216338	0
ivig_621	0.312112583	0.482748229	0.893457515	0.095780391	0.128371009	0.118883625	0	0	0.034695267	0.079314492	4.425064747	10.51336156	0.572402585	0.248175598	0	0.067614807	0.037063344	0
uvig_7440	0.343252419	0.179970367	0.213608438	18.78501139	0	0	0.113405298	0	0.095392136	0.218069479	0	0.22043007	0.10045402	0.124061985	0	0.325328565	0	3.081856101
uvig_9719	0.241750431	0.133089548	0.210620233	0.028850817	0	0	0	0	0	0	7.003186307	0.115918099	0.165081253	0	0	0	0.100477454	0
uvig_12784	1.389517785	6.446322992	3.53655392	1.509211083	0.367771138	0	0.144428157	0	0.060743681	0.277724001	11.55813742	5.202869133	4.562977975	0.869000334	0.475394273	0.118378458	0	0
uvig_12813	8.928649235	10.2550269	2.344706094	2.758356387	0.207175165	0.633150159	1.39125914	0	0	0.704021588	12.10197318	8.349939671	1.79450737	1.121470486	0	0	0	0
uvig_14473	3.712484756	1.484822153	2.488021675	0.852024728	0	0	0.587065529	0	0	2.257761789	2.851204007	0.456440389	2.210087608	6.342041333	0	0.120294951	0	0.443162592
uvig_22024	4.604968344	2.627641121	3.09382057	5.632337567	0	0	0	0.150744647	0.178273828	0.916964283	0.184355677	1.27704896	0.782223927	0.289816933	0	0	0.095220829	0.159987065
uvig_24628	1.233019932	1.996493385	0	0.144264937	0	0	0	0	0	1.182692723	0	0.637597499	0.511790376	0.489342648	0	0	0.100485012	0
uvig_25351	2.295538455	0.565091593	0.853633789	0.551246098	0	0	0	0	0.217835029	4.481800694	1.27651026	0.234905272	0.802879762	0.849914279	0	0	0	0
uvig_39251	0.244905004	0.224710364	1.01069333	0.33072984	0.033736893	0	0.05961998	0.254434863	0.150450043	0.343933616	13.93329306	1.166581305	2.754982822	0.423946027	0	0.024433329	0	0
uvig_40752	0.35797266	0.888759415	0.183456782	0.946561835	0.07348534	0	0.097397702	0	0.054618112	1.248587529	4.424377892	0.260834708	0.833987289	0.248617032	0	0.053220415	0	0.098031119
uvig_44226	0.865367803	1.00703755	13.51565346	0.73047564	0.110486166	0	0.097625809	0.277752629	0.164238086	0.375453525	0	0.430120162	0.648574531	0.213599399	0	0.400087941	0.350895851	0.884346389
uvig_45936	1.412362682	0.205291179	0.121830968	0.066753757	0	0	0	0.184020481	0	0.248750619	0.075016971	0.268206221	1.336852204	2.051993654	0	0	0	0
uvig_52699	8.060471821	4.711574455	6.23746482	3.682800176	0.775388857	0	0.114189205	0	0.624334937	1.756614971	0.430422835	4.971764665	3.236748888	1.374115121	0	0.374374148	0.307822173	0.344795473
uvig_66907	3.551810671	2.22762417	2.611345225	1.448696278	0.235349751	0	0.207955537	0	0.291540215	1.199646484	6.150317851	2.065966644	2.844963887	2.426635771	0	0	0.498302212	1.25584774
uvig_75870	6.48151853	0	0	0.112715923	0	0	0	0	0	0	0	0.084914074	0.064494831	0	0	0	0	0
uvig_81464	0.206841295	0.227742424	0	0.131651812	0.018045837	0	0	0	0	0	0.129454962	8.149236312	0.24482166	0.069774887	0	0	0.057312236	0
uvig_89698	92.21652255	31.77521192	4.56723428	24.28546987	0.748410812	0	0.293909944	0	2.410449998	0.282582867	0.426099658	149.9619513	0.173562941	0.48229296	0.24185572	1.144270494	0.396149519	0.443732041
uvig_98916	3.459938164	13.58514922	1.222054867	0.464992807	0	0	1.009232367	0	0.485101204	0.277239223	47.40597527	1.233057421	1.72409375	3.46993384	0	0.118171824	1.425080539	0
uvig_100152	0.307060921	9.212929471	1.337603467	45.16503389	0	0	13.49260871	0	0.238935977	5.189045322	5.559464865	0	0.419358108	2.330606552	0.233746114	0.116410762	0.127622108	0
uvig_100318	7.278546432	0.350809016	0	0.101396661	0	0	0	0	0	0	0.056974099	0.186723176	0.077357429	0	0	0	0	0
uvig_104399	0.030539798	0.168129087	0	0.0364466	0.159866396	0	0	0	0	0	6.061813161	0	0	0	0	0	0	0
uvig_112568	31.2942424	0.359885832	0.122043346	0.401220744	0	0.186749772	0	0.18434127	0.109002955	0	0	0.201505323	0.114787083	0.141763499	0	0	0	0.782574227
uvig_118796	0.674360306	11.61294078	0.322421128	0.343508157	0.08609921	0.109636952	0.133135527	0.054111485	0.399958713	1.755491384	0.20955905	1.887864969	2.532708387	1.726948547	0	0.405312577	0	0.516862396
uvig_122251	7.576212058	2.028986632	4.188212819	1.87027028	0.251644206	0	0.400236033	0	0.486291031	12.39947282	0.593141634	3.884005253	6.749156824	8.708274108	0.439133942	0.109349233	0	0
uvig_123540	1.211144487	0.058488139	0	7.207961167	0	0	0	0	0	0	0.55568719	0.038206422	0	0.403186075	0	0	0	0
uvig_126164	1.540866805	0.409101993	0.971133624	0.203451759	0	0	0.212296605	0.086285643	0.051021619	1.866192886	33.94370266	0.408718771	0.743251553	0	0.099826785	0	0	0
uvig_128497	2.787810727	1.822892956	3.350102625	1.969437146	0.083869695	0.427191733	0	0	0.623363027	6.840133661	1.246283091	1.728544439	13.96031479	8.674630193	0	0	0	1.118840857
uvig_157795	0.093094308	4.142765133	0	0.083324987	0	0	0	0	0	0	0.06242633	0.083696712	0.572131868	0	0	0	0	0
uvig_160907	0.530852803	0.562014431	0	0.389862635	3.874358505	0	0	0	0	1.452780723	0	0.391601867	0.557687948	5.992139508	0	0.077405059	0	0
uvig_169825	0.365713138	0.391482901	0	0.290964609	0.079766465	0	0	0	0	1.626371972	0	0.401861134	0.10405425	1.696309745	0	0	0	0.212820568
uvig_176172	0.252995964	0.132648087	0	47.30576392	0.09459683	0	0	0	0.070309265	0	0	0.086650197	0.074040153	0.091440525	0	0	0	0
uvig_180978	0.569211701	0.417820025	0	0.354419895	0	0	0	0	0.115545818	0.704377176	7.368407397	0.094933603	1.460125634	0.100181868	0	0	0	0
uvig_186352	38.18004733	13.98995451	1.484982299	5.935969422	0.243336939	0.413146961	0	0.203909313	0.602868735	0.275635448	0.166249527	37.57644107	0.423239556	0.156811861	0	0.70492934	0.128803339	0
uvig_186796	0.147192386	0.135055038	0	5.961506961	0	0	0	0	0	0.163645728	0	0	0.175895162	1.861994992	0	0.069753168	0.229412976	0
uvig_197398	0.643927889	2.647630033	0.421811511	0.236897411	0.076032256	0.064545267	0.179152698	0.06371283	0.150696298	0.172248282	0.116878	0.458497201	0.218202655	0.097993832	0.147423065	0.220259892	0.201227328	0
uvig_198367	0.219790484	0.044814837	0	43.33793446	0	0	0	0	0	0	0	0.05854912	0.066704766	0	0	0.092583791	0	0
uvig_202570	0.276080542	0.03377536	0	4.612694567	0	0	0	0	0	0	0.049368418	0.022063202	0.050273027	0	0	0	0.076497265	0
uvig_202790	1.005830911	0.442987693	2.383563437	0.556972589	0	0.536369133	0.074437663	0	0.125228148	0.787257786	16.33862529	2.257120918	0.395619748	0.081432565	0	0	0	0
uvig_210757	0.806856285	38.29324149	1.581654193	0.974949412	0	0.134457492	0	0	0	0.538228591	0.297579872	0.398973584	0.427000505	0.10206794	0	0.07647241	0.083837354	0
uvig_219547	0.220945403	0.08109058	0	0.105471671	0	0	0	0	0	0.393028714	32.29878168	0.105942195	0.090524622	0	0	0.167526512	0	0
uvig_226224	1.609962099	1.947226245	0.531305802	0.276557974	0	0	0	0	0	1.518724752	0.065429919	0.409377298	1.166004582	0.678871476	0	0	0	0.851718345
uvig_227995	1.618441408	0.163484723	0	0.070879613	0.116587709	0	0	0	0	0	28.43631809	0.035597908	0.121669642	1.42750369	0.226058234	0	0	0
uvig_232204	6.380914306	6.012986515	10.51748887	10.17057482	0.075229984	0	0.199420118	0	0.335488931	0	0.30838596	2.377404234	1.27577414	0.363599353	0	0.108967884	0	0.401434057
uvig_235700	2.684731299	1.393552764	6.74973913	4.595442776	0.120460611	0.409045464	0	0	0.179065135	0.54579818	0.06172466	3.181507004	1.770434982	1.047972053	0.116783807	0.348965593	0.063762325	0.214262937
uvig_250717	0.517290481	3.282893378	0.093891458	0.135043415	0	0	0	0.070909522	0	0	0.02890666	0.678229313	1.287839668	0.327188217	0	0.040856563	0.895827955	0
uvig_268562	0.251329715	0.035477738	0	0.472982651	0	0	0	0	0.150437977	0.687812069	3.733684796	1.239876052	0.026403469	0	0	0	0	0
uvig_279364	1.082589668	0.830535391	0.189267817	0.393210355	0	0.048269355	0.033494265	0.047646828	0.23947965	1.416950505	0.077693976	0.876734431	5.617350423	0.494663207	0.137810575	0.027453092	0.300970584	0
uvig_297180	0.844175603	1.661795428	1.337220236	0.256441912	0	0	0.141986768	0.201981414	0	0.819088205	4.363958793	0.404777899	0.272504674	0.388323137	0	0	0	0
uvig_300711	0.54074405	0.977274601	0.142761349	0.596442405	0.085776602	0	0.075792386	0	0.127507229	0.947328233	6.57088204	0.402675933	0.492335313	0	0.249475359	0.062122138	0	0
uvig_304445	0.48152391	8.602454305	0.740326036	14.50163906	0	0	3.668383562	0	0.11020364	4.030864807	4.064689597	0	0.483547837	1.14660037	0	0.107383491	0	0
uvig_304456	4.489760027	0.21681782	0	0.176254579	0	0	0	0	0	0.788152233	0.316916026	0.212449051	0.443744233	43.86728961	0	1.3437837	0	0.412537866
uvig_309662	0.901186693	0.134087947	0	0.218004357	0	0	0	0	0	0.216631876	0	0.686127635	0.166319644	0	0	0	0	0
uvig_320251	3.636451595	4.657032165	0.943714921	1.403506424	0.081002976	0	0	0	1.444934609	0.68815975	0.083012714	3.33892341	6.762704686	2.270707016	0	0.351989559	0	0
uvig_332892	13.4709654	5.572578617	1.214400095	2.352648133	0.052118505	0.265466502	0	0	0.077474347	0	0	15.9213818	0.163170884	0	0	0.301967006	0.165524499	0
uvig_350279	0.546380028	4.890985729	1.625443311	38.90077697	0.139518559	0	8.999359204	0	0.725881951	12.91953169	12.43926934	0	1.16480018	3.101858241	0	0.505218844	0.110775143	0.372241878
uvig_360064	0.273252233	0.374090318	0.075576365	0.082819769	0.113523089	0.173469542	0.040123697	0.114154876	0	0.617237732	5.642474133	0.06239193	0.361337887	0	0.066034823	0	0.036054089	0.121153912
uvig_360071	0.939171286	7.518577602	1.022792775	0.36426633	0.153633475	0	0	0	0.456753435	6.891409681	0.06297809	1.280619806	3.382967069	0.653432392	0	0.089012991	0	0
uvig_360411	0.892528755	0.333124743	0	0.866567318	0	0	0	0	0	0.538194816	0	1.323783819	0.165280146	0.765461514	0	0.229402834	0	0
uvig_361314	0.517426112	4.776369653	0.273210402	0.636215408	0.082077747	0	0.290096283	0	0	0.557832364	0.210285377	0.206752653	0.856554279	0.158678305	0	0.11888662	0	0
uvig_362152	0.358029994	3.844750613	12.59258752	28.9757613	0.138827873	0	7.298781798	0	0.51592034	7.312344621	10.49258102	0.317913995	0.778725863	2.952306746	0	0.402174208	0	0
uvig_362220	1.123116715	0.244346677	1.916635775	0.234905368	0.090914979	0.077179501	0.107110223	0.076184121	0.225242409	0.205964545	0.698779801	1.124248142	0.411137415	0.058587681	0	0	0	0
uvig_371255	0.525151099	0.071384833	0	0.336573083	0.050907474	1.815086647	0	0	0	0	33.75432777	2.692938912	0.425011805	0.098417804	0	0	0	0
uvig_371543	1.629038438	2.343400391	4.269829274	0.543693484	0.343268507	0.276070112	0.734336198	0.09083655	0.483413569	1.105098904	13.03456843	1.64663146	1.027557948	0	0	0.052338094	0.114757396	0
uvig_372112	2.033595723	6.355393365	5.046745057	26.79908166	0.129033268	0	7.581935549	0	0.287712631	8.659983831	8.198549532	1.211486367	1.918872076	2.369831279	0	0.186899977	0	0.344266645
uvig_379756	3.610944448	10.07104372	0.24967962	0.837928979	4.80055298	0.1910289	0.066277793	0	0	0.254893979	1.498958267	2.439116893	0.50880821	0.290023649	0	0.108647276	0	0
uvig_386033	0.183745068	0.16859362	207.7092752	3.417172599	0	0	0	0	0.119149286	0	0	0.073420686	0	0	0	0	0	0
uvig_390157	8.855478655	0.631560139	0	0.189564946	0	0	0	0.087095803	0.051500676	0.235464388	0.071010176	0.111072863	0.117505928	0.267916258	0.100764087	0.250913777	0	0
uvig_396786	1.552808563	7.460229983	0.563688933	1.222559189	0.112895452	0	0.39901864	0	0.083909749	0.767281499	13.44971391	1.499468745	2.061787759	0	0	0.08176247	0	0
uvig_398907	0.235762665	0.148009717	0.162160667	0.08144698	0.03247749	0	0	0	0	0.220729684	2.612737366	0.096684931	1.118473922	0.156969254	0	0	0	0
uvig_400047	0.312818438	5.013347637	0	0.124440559	0.21833437	0	0	0.137218412	0.162277416	0.185485685	0	0.124995705	0.085444249	0	0	0.158124681	0	0
uvig_427577	0.385149551	0.04417381	0	35.40684301	0.063004337	0	0	0	0	0	0.064567516	0.05771164	0.16437657	0	0	0	0	0
uvig_427961	0.605902681	0.602268884	0.109975126	0.497125958	0.066077357	0	0	0	0	0	4.435449113	0.438817196	0.379266788	0	0	0	0	0
uvig_430938	0.414984423	2.974728067	13.55800832	24.54572499	0.339424235	0	6.53816817	0	0.353188749	9.573466544	9.28747691	0.046636621	0.549040027	1.640495265	0	0.393314888	0	0
uvig_436746	3.566859578	4.500017009	3.745713797	2.888500489	0.250063483	0	0.441913242	0	0.991254061	19.40295494	1.067782185	4.103934842	14.24425664	13.77803423	0.363646239	0	0	2.223935923
uvig_436944	7.737211423	3.741076489	5.034690286	1.57087686	0.084028856	0	0.445488449	0	0.499636798	8.994712569	0.861136684	3.463649474	11.35606009	5.360860631	0	0	0.667173506	0
uvig_438759	4.07997879	0.050080903	0.713297661	0.63510011	0	0	0	0	0.106180243	5.825554487	0.073201736	0.785148775	3.354437605	14.49970502	0	0	0	0.76230889
uvig_439493	0.149544697	0.219541408	0	0.107081176	0.313128095	0	0	0	0	0	16.12507486	0	0.081694253	0	0	0	0	0
uvig_440891	1.602078576	1.242542929	1.000747174	0.454537116	0	0	0	0	0.305779449	2.4734611	0.129727663	0.188423597	2.675121088	0.305908183	0	0	0	0.168869886
uvig_451559	0.6900535	62.65144411	0.24241747	0.524661303	0.01456539	0	0	0	0	0.247480165	0.253755035	0.08005092	0.334406146	0.084476418	0	0.021097435	0	0.155444496
uvig_482941	8.078030748	0.399374659	0	0.198614229	0	0	0	0	0	0	0.137353839	0.0613847	0.06993533	0	0	0	0.106416141	0
uvig_485786	2.366500987	3.358035823	1.078831417	0.968770975	0.036011339	0	0.127278782	0.090529381	0.695902823	4.894941982	0.996429727	2.737854311	5.468040569	4.873370593	0	0.10432222	0	0.384319583
uvig_486069	0.373576414	0.171385824	0	0.037152588	0	0	0	0	0	0.276890156	0	0.03731833	0.042516617	22.84122331	0	0	0	0
uvig_505862	1.646705954	30.81243912	9.319156802	0.940608902	0.442051095	0	0.585895922	0	0	1.251813147	6.833031728	5.651959021	1.806835204	0.569735572	0	0.320147435	0	0
uvig_509703	0.212228182	4.024379557	0	0.05628354	0	0.157184369	0	0	0.091746086	0	0	2.402721717	8.244437048	0.536940563	0	0	5.73347307	0.329340258
uvig_510223	0.135978301	0.088069875	0	241.7755884	0	0	0.049329555	0	0.020747054	0.047428429	0.336125885	0.025568981	0.029130633	0.067456312	0	0.050540324	0	0
uvig_517098	0.236920453	1.074133754	0.242837896	0.133056006	0.072953253	0.371588647	4.254468775	0	0	0	0	0.066824794	0.11419981	1.621939403	0	0	0.115847054	0.583927817
uvig_521516	1.148748466	0.094214412	4.193397285	0.390600643	0.167970473	0.256668147	0.237470503	0	0.349564203	0.114159281	0.619696556	1.300117552	0.482053343	0	0	0.097319638	0.106692348	0
uvig_524389	0.099721651	0.365994784	0	0.034002612	0.037286571	0.094959896	0	0.093735203	0	0.126707037	8.043557816	0	0.233471117	0	0	0.054008237	0.05920969	0
uvig_524473	9.524245856	0.102123869	0	0.11385337	0.187273928	0.052993499	0.147089456	0	0.030931486	0	0	0.085770964	0.065145666	0.120683581	0.060519263	0	0	0.111034529
uvig_533478	16.54174749	9.177232291	2.110235484	3.36670622	0.223749178	0.379890095	0	0	0.332603964	0.253447772	0.076433515	21.2980393	0.21404365	0	0.21691971	0.108030838	0.118435127	0
uvig_537319	10.93618031	22.40576258	4.992801024	5.775284358	0.333318902	0	0.368151608	0	0	16.28231227	7.429555679	7.938277179	12.65296789	8.296583817	0	0.120700065	0	0
uvig_537728	0.101863848	0.09346425	0	2.142594904	0.566552348	0	1.177898473	0.502681205	0	0	0.068306928	0.030526997	0.226065318	0.128858551	38.57740536	0.33790663	0	4.445845601
uvig_538036	22.2785917	2.86687194	1.258147068	0.783369683	0.171805446	0	0	0.345523181	0.561856721	5.487986875	0.070427222	5.728372864	6.956617316	3.786464616	0	0.248853915	0.163692399	0
uvig_540412	0.563321718	0.310122439	0	0.134455123	0.049146916	0	0	0.12355108	0	0	18.86217331	0.29261905	0.538536361	0	0	0	0	0
uvig_541923	0.171134219	0.135364354	0	3.324081957	0	0	0.368485498	0	0.068879045	0.104973136	0.015828637	0.084887572	0.374759205	0.119440608	49.97568223	0	0	0
uvig_542539	0.655875311	0.144430186	0	55.16683167	0	0	0.121347001	0	0.204144777	0	0	0.188693321	0.143318338	0.265499939	0	0	0	0
uvig_546341	0.315719716	0.474031245	0	0.2397717	0.150245006	0	0	0.18885145	0.111669873	0.255280906	0.076986342	14.86335217	0.803569372	0.290463903	0	0.544061011	0.238583486	0
uvig_557689	2.213441075	3.502039914	2.410520397	0.838184121	0.148547172	0	0.229699041	0.280076021	0.248417898	4.480031151	0.266407272	2.279146113	7.915820242	5.994914551	0	0.161373866	0.117943695	1.188991892
uvig_563845	0.144325699	0.099318552	0	2.357537804	0	0	0	0	0	0	0	0.021626074	0.024638495	0.091286559	0	0	0	0
uvig_26361	5.899943241	0	0	0.036767993	0.080638063	0	0	0	0	0	0	0.221592118	0.042076495	0	0	0	0	0
uvig_508641	0.058719652	1.702534798	0	0.028030725	0	0	0	0	0	0	0.189003299	0.028155774	0.641555087	0	0	0	0	0
