phage_id	H-10	H-118	H-119	H-120	H-124	H-147	H-161	H-169	H-193	H-314	OMC-124	OMC-125	OMC-126	OMC-288	OMC-446	OMC-55	OMC-64	OMC-87
group	NW	NW	NW	NW	NW	NW	NW	NW	NW	NW	OMC	OMC	OMC	OMC	OMC	OMC	OMC	OMC
ivig_601	0.105993336	0.509104857	1.581463957	0.099677305	0.055952549	0.092665414	0.085348199	1.113021436	1.570347685	0.070547991	0.592870363	1.019691636	0.345774871	0.08811861	0.101974358	0.060942597	0.100217831	0.112255248
ivig_1166	0.258978064	0.552852326	1.624987979	0.198982129	0.11357551	0.081940081	0.160154815	1.332551577	2.067351055	0.017237293	0.835789987	1.029540371	0.323634349	0.17886792	0.079730663	0.129049839	0.108829567	0.109711225
ivig_2174	0.292816719	2.056401573	0.403804958	2.249815813	0.28536787	0.255997062	0.565878135	0.461224212	1.27561363	0.438515023	0.059558583	8.238048507	0.833936299	1.797681819	0.169028345	1.262698105	0.646009782	0.620231701
ivig_2749	0.090984877	0.608346913	2.360432045	0.083970253	0.062346339	0.042612945	0.052749398	2.203436626	2.396251982	0.034064171	0.99933583	1.549186822	0.584793844	0.144009167	0.059086111	0.098087323	0.09678057	0.036135043
ivig_2899	0.091344417	0.60202587	2.304807746	0.059628296	0.070938404	0.059893871	0.062887441	1.240958729	2.663837042	0.01709939	0.867423358	1.676744166	0.556951325	0.105147811	0.098865997	0.06893245	0.140346573	0.036277836
ivig_3353	0.021052967	0.56765734	1.246596297	0.085301801	0.063475732	0.078881585	0.210547796	1.144059532	1.182369553	0.031528398	0.497799837	0.762143776	0.322140335	0.405925506	0.054687678	0.081707039	0.059717414	0.033445112
uvig_851	0.457671739	0.564942284	8.660052126	0.310648459	0.476050404	0.646352078	0.770505952	0.499079211	0.447668004	0.632674887	0.150375999	0.288018958	0.350014705	0.121576665	0.548704064	1.123430271	0.466020711	0.447424832
uvig_861	0.871799729	0.516628415	1.67455371	0.358840169	0.682732252	1.353253045	1.371894102	0.58851315	1.715639782	0.559536666	0.151991194	2.105714342	0.193470281	0	1.509738234	1.933413956	2.119618169	0.791403623
uvig_1270	9.26037504	65.48183211	96.0930263	52.28792473	1.937067305	0.251096118	8.106175009	3.166760029	14.80526677	0.182475091	10.22321331	105.5154794	68.31206887	33.24157229	0	2.574629386	0.230415355	1.161410069
uvig_4984	0.522497698	1.56282715	5.295994153	1.806541697	0.171857054	0.019577026	0.696723591	0.24690044	0.978144602	0	6.950413074	2.536258174	5.373261094	4.57105242	0.271450446	0.090125571	0	0.166009802
uvig_8544	0.031727181	3.692025507	0.257048535	0.091414239	0.011595032	0.071325539	1.554305889	9.295241046	0.207322303	0.783978289	0.09679908	0.177367654	0.069000954	0.073043186	0	0.437809441	0.029998388	0
uvig_10847	0.04363749	0.138144551	5.589003239	0.015716366	0.039869449	0.049050489	0.120171551	0.103102037	0.100188051	0.065350417	12.63472274	0.047600205	0.088124909	0.125579282	0	0.037635129	0.041259712	0
uvig_11105	0.121543077	0.371504657	18.77258275	0.175098568	0.044419197	0	1.197918986	0	0.558105615	0.182019885	30.44480039	0.165725489	0.339858633	0.139909903	0	0	0	0
uvig_11819	0.30929869	0.256606513	13.7024111	0.122535842	0.282591152	0.278132441	0.623133626	0.146155634	0.25127468	0.555837615	27.0360009	0.168693035	0.052852598	0.035603796	0.53562767	0.373456283	0.233956172	0.19654293
uvig_16065	0.450841824	0.54136838	1.845753077	0.771276649	0.473699054	0.38007477	0.408406384	0	0.437924964	0	0.343877651	1.475348162	0.612812794	0.518970206	0.19518621	0.291621215	0.319706819	0.358107614
uvig_16314	0.105683704	0.144209556	2.896616085	0.49481602	0	0.019798868	0.666324203	0	0.513279045	0	3.40173305	0.706095079	1.108172504	0.182480941	0	0.501307692	0.09992507	0.167890985
uvig_19655	0.491670561	5.004942001	3.941059103	1.549439539	0.224607725	0	1.10457246	0	1.563001974	0	1.875097972	5.798950391	7.370502402	4.103273261	0	0.583056388	0	0
uvig_24707	0.390120458	0.204416508	0.511090852	0.281009561	0.427720879	0.350810265	0.361882021	0	0.496071227	1.402163229	0.142830092	1.372389896	0.339376937	0.089814602	0.810708816	0.605626521	0.147545224	0.495801762
uvig_25407	0.936429458	8.951864591	1.545032498	3.107628651	0.684455997	0.250616325	0.872524936	1.2642836	0.661527456	0.400678121	0.285703008	53.07977779	1.350784152	0.61596388	0.231665814	0.807623079	0.632431466	0
uvig_31763	0.066673192	0.232904149	2.505494926	0.864462425	0	0.024981216	0.106299748	0.315056705	1.318809549	0	17.69743161	0.718186796	0.631795681	0	0	0	0	0.211836403
uvig_32553	0.083483965	0.218720913	8.140469303	0.320718613	0.030510093	0.052133171	0.056467447	0	0.09829346	0.083349004	0.050941626	0.106242657	0.172916874	0.208215663	0.144573265	0.120001167	0.02631166	0
uvig_33153	0.467056154	0.652612024	0.241532815	0.319606111	0.751038578	0.384994127	0.460326861	0	0.808365909	1.328958152	0.11399842	0.458522525	0.145109106	0	0	0.805624654	0.441606581	0
uvig_35295	2.879469951	19.09085594	11.50748961	13.10085063	1.052332592	0.352288753	2.231547158	0	2.594593317	0.17600908	1.362604467	17.83613336	13.05413444	9.605567827	1.017656931	1.571128905	0.889002315	0.373418487
uvig_38845	0.359343407	0.183059581	1.053038844	0.625530952	0.437752764	0	0.329860516	0	0.169235406	0	0.182725086	0.914609132	0.279109911	0	0.207430851	0.413220702	0.453017372	0
uvig_51406	0.800304886	18.50365092	16.12708105	6.73030473	0.760447588	0.299859487	3.735077751	1.134525351	7.999902886	0.119851666	4.224169307	8.009595949	11.68635015	2.947974173	0	0.310600132	0.605357453	0.254275676
uvig_55294	0.561378351	1.259062872	3.41334739	2.150508743	0.596833819	0.420676238	0.71010491	1.929258597	0.378551596	0.305711357	0.404833151	3.604556319	3.837107002	0.939942282	0.353515036	0.088029174	0.289521396	0.972889631
uvig_55870	0.295903304	0.789085181	0.473642778	0.106571773	0.339871639	0.229658277	0.287963829	0.199751135	0.291158315	0.158263363	0.128970837	0.144095648	0.105067241	0.097319529	0.073204318	0.109372133	0.199842667	0
uvig_58357	0.128996904	0.230427926	2.834134171	2.407430922	0.102858057	0.123028849	1.971663967	0.33248751	0.476351191	0.1053723	6.554684889	2.03391498	3.643444616	0.742450529	0	0.080911499	0.066527973	0.149037633
uvig_59859	0.208933703	2.242187909	2.842485773	7.194964468	0.088104254	0.03010908	0.13976702	0	0.647161708	0	0.529576433	3.55885468	2.941074414	1.628043668	0.027832363	0.221778165	0	0
uvig_64107	0.069943977	0.290141546	2.03761822	1.914504048	0.025561762	0	0.740050725	0	0.494109414	0	1.024309744	0.696197183	1.021348012	0.88564818	0	0	0	0
uvig_73872	1.668774197	3.461203862	5.067286915	2.311620851	0.985176375	1.442905217	1.655894017	0.606585054	1.428261037	1.345677125	0.195823123	4.183224812	4.067990818	1.108239728	1.111499193	1.21781288	0.970980815	0.407852917
uvig_74555	0.087428889	0.439024538	0.241135267	0.188928982	0	0	1.292538352	139.4332077	0.401458931	0	0.106697611	0.095368297	0.190142224	0.201281186	0	0.075402998	0	0
uvig_74768	8.942647315	14.77710061	2.251842383	87.81309727	0.304389738	0	3.011636723	0.41428901	1.006449767	0	0.775717653	0.32276674	0.20429266	69.1313011	0	0.945169282	0.33158308	5.988992099
uvig_75025	0.092839544	0.138989564	0.800182023	0.191067721	0.058164322	0.069570531	0.10764932	57.03137343	2.033140995	0.079448107	0.145672376	0.339978839	0.144221022	0.030533963	0.045935651	0.194454291	0.025080223	0.084278016
uvig_76269	0.089738855	1.689840161	3.093829029	3.005770716	0.049194013	0.016811747	1.274661615	0.212025459	1.592793235	0	0.83506467	1.5845625	1.770434317	1.317070243	0	0.251534488	0.212122615	0
uvig_77482	1.270247176	0.246514071	0.243294067	0.508321061	0.928450393	0.740348311	1.35013741	0.666934541	4.038067356	0.634096841	0	0.269421869	0.219250858	6.417428699	1.466499445	2.069323092	0.934136211	0
uvig_78016	1.314768867	3.54026588	6.289240296	3.867110809	0.800826861	0.574722932	0.889292233	1.035465523	1.238400034	0.32816085	0.200566853	7.03636165	1.889238196	1.198146708	0.758949852	0.377973899	1.450316006	1.392443255
uvig_83342	2.390023225	5.412539502	1.445714477	5.579449373	2.493328807	3.19122796	2.872053868	1.642732693	5.310780376	3.253853851	0.464031242	9.14841396	2.416673786	2.926264142	2.633858261	3.466688491	2.793925253	1.725833098
uvig_86209	0.110809997	0.120963668	0.238767244	0.119727131	0.242980077	0.332147705	0.256972846	0	0.09785021	0.165946291	0.067615877	0.324845223	0.137709691	0	0.095947546	0.238920056	0.26193009	0.352069411
uvig_87564	0.3419778	5.052178605	0.078599981	1.457462493	0.208298975	0.341687406	0.297397608	0.269329637	0.181189065	0.512137433	0	22.28870779	0.035416222	0	0.987032805	0.884815705	0.107781221	0
uvig_88310	0.59982097	1.427427768	3.80500518	0.777707918	0.745317008	1.213606041	1.07803196	0	0.741536444	1.077932328	0.219605208	0.572504315	0.204993409	0.483323501	1.869730762	0.827704433	0.453709706	1.52461778
uvig_88880	0.23807882	3.664509707	0.38987928	0.793149161	0.282777332	0.312213107	0.293310759	0.140626852	0.252281164	0.445676136	0.254231026	15.41149659	0.268135515	0.411083692	0.309219553	0.487661005	0.956700783	0.189108094
uvig_89263	0.352213151	23.36911501	0.315714625	13.52244262	0.334672005	0.369509769	0.714696919	1.33147506	0.422987269	0	0.085967698	2.285975652	0.536200502	0.891962253	0.365966845	0.121506417	0.133208518	0.223812796
uvig_90482	0.186409615	0.162792465	4.75571492	0.486741852	0.034062678	0.034922123	0.175618382	0	0.518515427	0	8.474114389	1.188253231	0.405407629	0.402334994	0	0.080384436	0	0
uvig_92124	1.216651787	10.50702548	8.202613373	4.722673247	0.098808488	0.253253886	0.450650577	0.638794651	2.411337379	0	0	4.681840195	9.072001404	6.06885308	0	0.466355856	0.511269893	0
uvig_92258	2.825263316	8.329585096	9.679948133	5.568859956	1.632825816	1.961234148	1.644323588	0.620951889	1.361522113	1.508744355	0.280645612	1.158670703	11.8465955	2.117711203	1.972229669	2.379980614	1.905125044	0.974196589
uvig_92540	1.384559711	1.260595934	2.718466013	0.781586819	1.291919784	1.593099125	21.38858582	1.392038715	1.508775578	1.529376889	0.742991771	0.760501357	0.671182813	0.350406779	1.955578895	1.177175004	0.891313017	0.935972699
uvig_93945	0.291592017	7.461209587	0.160846419	0.294053285	0	0.131104984	0.101432044	4.960387585	0.144193763	0	0.284685504	0.222650019	0.543566206	0.268524455	0	0	0	0
uvig_97882	5.015405902	5.986654204	12.55622567	25.13676483	1.473198374	0.421498347	5.50295086	6.866279603	3.029815688	0	1.601695948	0.856418791	1.092217526	57.19346414	0	0.404255524	0.177275508	0.297852777
uvig_98139	0.053354666	0.139784705	2.244130067	0.595698461	0.038998048	0	0	0	2.751490869	0	0.358125161	2.342541863	0.480724189	0.122834576	0	0	0	0
uvig_98366	0.18845773	0.108006343	0.129945049	0.169686128	0	0	0.034143833	0	0.058245828	0	0	0.070665222	0.076849109	0.081351104	0.040795184	0	0	0
uvig_99078	1.590324652	1.257923493	8.79043963	0.779339025	1.333903654	1.152657522	1.405682385	0.246390202	0.884036101	1.249379974	0.270442298	13.38026303	0.372597002	0.120042263	1.26415088	1.124241505	0.887411179	0.497000191
uvig_99689	0.082790161	0.411212326	15.62710871	0.790163518	0.136154409	0.062039894	0.563981541	0	2.763461031	0.061992241	13.19789792	2.635874266	11.25979408	0.214427001	0.143371771	0.249908152	0.117418472	0.131521901
uvig_105790	0.241321653	0.79030285	2.350339112	1.325435229	0.132290306	0.31646571	0.559634629	10.26304615	2.962060405	0.090349324	0.147253637	2.270410892	0.618551419	0.277788664	0	0	0.3422583	0.191683905
uvig_106252	0.119436879	1.069124546	3.582395106	1.742151198	1.418607583	0	0.363534847	0.282192802	4.788253318	0.089432847	1.020319583	5.048463486	12.91347892	1.512339719	0	0	0.564644222	1.328176643
uvig_106649	0.032383816	0.173220826	10.1095602	0.781439214	0.035505019	0.012133619	0.314478626	0.076513049	1.973149237	0.048497196	15.768873	2.035579314	0.140858036	0.074554909	0	0.083788214	0.183715463	0
uvig_106878	0.073076715	0.311114049	0.176357055	0.289510336	0.013353327	0.041070747	0.084733922	0	0.116154045	0.054718934	0.022295579	0.089676903	0.158928807	0	0.126550521	0	0.138189628	0
uvig_106895	0.361581065	0.473655875	0.277018613	0.21704351	0.440478683	0.496751784	0.407614399	0.379691301	0.298006184	0.300830441	0.122575286	5.976501064	0.11233918	0.046246769	0.278296719	0.311845394	0.683757517	0.510590242
uvig_106907	0.270315339	0.317216053	9.645546181	1.788917914	0.148184377	0.329167066	2.634822027	0	6.409111099	0.303613137	28.86545979	2.524761399	7.747518705	0.622327387	0.585147868	0.291416647	0.31948255	0.644141533
uvig_107420	2.417278507	7.924843245	1.048444362	4.788304444	1.681347486	2.322707117	2.407314917	1.473881168	1.074168506	2.101968039	0.356858463	1.222705645	0.254378185	0	2.565686101	1.983904063	1.474556545	2.229753504
uvig_108334	0.363394473	0.528923736	7.762360869	0.605316385	0.166007917	0.260967985	0.250184404	0.143098326	0.219277335	0.181403503	2.513076567	0.268391964	1.227815613	0.06971806	0.314653992	0.443996602	0.085898339	0.288647417
uvig_110632	0.729399182	0.955482024	2.170429048	1.645053919	0.672886578	0.711090975	0.49472447	4.015566061	2.70143557	0.805991099	0.674096988	2.462222569	0.807457514	0.35867322	0.539592181	0.549672754	0.428523319	0.224997346
uvig_111515	0.424401374	4.123279655	0.548685943	0.038212827	0	0	0.123025485	3.008191795	63.3728457	0	1.48906744	1.374356737	0.065928372	0.366400682	0.183739155	0.183012368	0	0
uvig_112338	0.172114642	2.281469712	1.254576878	5.18488411	0.040436426	0.018425195	0.103348954	0.232373852	0.264888089	0	0.135030548	2.088655942	2.123685215	1.684049965	0.06386986	0.445320541	0.046496066	0.1953031
uvig_113131	0.727568628	2.95700444	35.59940732	11.7514523	0.122721974	0.04193947	4.493954632	2.115719461	3.024578455	0	40.6735533	14.46865048	1.964873631	1.675028451	0	0	0	0
uvig_120986	0.138577705	1.058930375	3.081547474	0.199639158	0.05064468	0.674992645	0.04017091	0.654833434	0.832118344	0	0	3.760153028	0.430545379	1.754705657	0.239981789	0.119516266	0.1310267	0
uvig_121436	0.577274994	0.630171486	0.776181232	1.268250248	0.432491003	0.432588596	1.121181313	0.272784838	3.935345491	0.17290253	0.052837681	1.621470479	13.29901481	3.987054973	0.249923836	0.273828779	0.109163934	1.100483017
uvig_124379	0.572840964	16.80435371	4.111427619	2.982159592	0.152255097	0	0.784988018	0.246081442	4.506613126	0	25.26261196	2.371629964	2.281319239	2.397836688	0	0.134739922	0	0
uvig_125485	6.390646363	3.333903586	0.231919339	83.46468948	0.590028368	0	0	0	0.047521921	0	0	0.07337874	0.083600089	30.19979642	0	0.232067768	0	0
uvig_126335	13.51882353	18.12766443	3.643849656	110.4267586	1.09591409	0	4.959110112	0	1.076566114	0	0.479949926	0.402176357	0.412378047	125.7951495	0	2.416655332	0	0.312381675
uvig_129987	0.907898886	0.090099172	0.554875046	0.118904192	0.301637456	0.494797055	0.598140362	0	0.408146094	0.494417001	0.050363342	0.3151098	0.205144725	0.380034494	0.285864165	0.462691807	0.546272423	0.524474216
uvig_130390	0.342253922	4.919265669	0.86529789	2.157142612	0.60455477	0.854908234	0.942519495	0	0.987270306	1.19595221	0	25.93115488	1.73679607	0.525297578	1.185395716	0.59035342	0.323604739	0.543710584
uvig_130847	0.056585434	2.050778399	0.03901669	0.550250932	0.124078453	0.127209113	0.164029874	0	0.119921958	0.169481871	0	11.43436185	0.070321837	0	0	0.292812459	0	0
uvig_137035	0.042738605	0.158626324	3.271064443	0.469475092	0.015619273	0.016013367	0.489368194	0	0.384949121	0.06400427	6.767487215	0.116549232	0.219093682	0	0.074012532	0.036859887	0.040409807	0.271581189
uvig_137671	0.406805809	498.400605	0.169468774	0.1648284	0.241591128	0.260388672	0.25550391	7.288778926	5.208803424	0.177689821	1.106698758	0.342055596	0.2001175	0.156093248	0.616424828	0.277755814	0.352585967	0.538549036
uvig_139142	1.025276017	6.573965116	0.093019283	1.292412704	0.69023299	0.97048932	1.001118471	0.509981797	0.590869677	0.969743886	0	28.99697625	0.167653555	0.124232556	0.654139179	1.116945785	1.071452521	0.685798511
uvig_140214	0.308071314	1.143421045	11.89556485	2.574136789	0.225175807	0.138514371	0.553683082	0	5.549632805	0	2.669373512	4.654254227	9.437430032	2.695150871	0	0.053139188	0.116513887	0.195762997
uvig_142442	0.275223887	88.25013144	3.104879135	1.71814807	0.18999099	0.332279798	1.147973032	3.973871233	3.100047319	0.320575451	1.119604425	3.385779915	1.458403048	0.58082565	0.503097482	0.290114847	0.28914125	0.388644884
uvig_144402	0.108612366	0.154134065	1.965868051	1.19308529	0.039693532	0	0.17316506	0	1.726372866	0	78.46947008	1.199563867	1.181062524	0	0	0	0	0
uvig_146874	0.554576733	2.542652079	2.166881152	2.840674549	0	0.046175484	0.303659141	0.582353396	0.500598775	0	0.225600536	5.310009448	2.220765455	0.993036928	0	0.106287645	0.11652405	0
uvig_149330	0.364723355	1.420044975	0.293397321	0.810039921	0.577598613	0.728827292	2.185004375	0.861729697	1.288268492	1.092401218	0.148368619	0.547035284	0.642120905	0.139946018	0.631609273	0.73396274	0.919599538	0
uvig_152276	0.076474252	0.801424237	0.316382365	2.28604989	0.16768992	0.114613969	0.266020304	0.361370518	0.081036244	0.229051868	0.093328648	0.271111328	0.665271374	0	0.132434202	0.131910354	0.361536109	0.485953351
uvig_152685	3.522628095	939.1555179	0.342002603	0.678098635	2.604357983	2.730752703	2.312235531	1.33931602	1.258557393	2.122287385	0	67.0729108	0.345944001	0.186434276	3.716279206	3.422214852	2.79471059	2.05833886
uvig_154730	0.099509703	0.206393034	1.73249741	0.645104856	0.036366868	0	0.620186336	0	1.79257947	0	15.81768416	0	0.386456853	0.114546984	0	0.171644179	0.470437436	0
uvig_160196	0.763194391	4.227213593	0.509076594	1.236915577	0.642722752	0.808133324	0.644466636	0.156799551	0.375059459	0.447237745	0.091114939	14.0620107	0.350519206	0.190983376	0.861952863	1.073179222	0.627485606	0.421712694
uvig_161124	0.090811638	0.743496238	2.207224007	1.013901063	0.033188069	0	0.447516171	0	1.491548135	0	3.989732208	0.581967118	2.341775027	1.411216045	0	0	0.085863374	0
uvig_165405	0.405637917	2.667912601	0.681755969	0.438280526	0	0.075992525	0.63202654	4.312792306	0.268647391	0	5.043196646	1.313594249	0.378081448	1.692640714	0.175615756	0.087460551	0	0
uvig_166606	0.363294363	3.021588715	0.536781647	0.990669663	0.410953981	0.369467758	0.34100958	0.326991781	0.323860547	0.25907647	0.073893654	12.94531275	0.386987939	0.318623332	0.149793957	0.5072849	0.474355347	0.329791884
uvig_168075	1.609138197	4.247173321	1.188782349	1.272924964	1.186654338	1.722612622	1.807521007	3.530336857	1.857373385	1.979482903	0.19287136	21.88594627	0.955244759	1.091534545	0.995222616	2.304739897	1.249768538	0.821669517
uvig_168533	2.273301829	3.084283686	1.693441621	1.681354497	0.207700518	0.79092398	2.541798552	0	0.774293557	0.486348597	0.074312192	1.151307912	2.434175864	10.32712838	0.421798711	0.770238831	1.99590036	0.128978827
uvig_170240	0.704637081	4.246005718	5.150117528	2.766205034	0.128758518	0.052802905	0.69448475	0	2.115569178	0	2.450812523	7.263507174	7.421484093	4.623369223	0	0.546942483	0	0
uvig_174204	1.75592992	16.18654894	15.85740637	15.07246699	1.24779485	0.840668617	1.470470513	1.843877848	3.170044163	0.584363756	8.035967717	11.06667307	10.82002984	7.692074347	0.168934985	2.271601215	1.752486631	1.549722816
uvig_176146	1.700559587	6.608727653	2.872788933	5.00183152	2.568814566	2.952213249	1.692490059	1.607160801	2.783096152	1.528029402	0.691783718	9.877806933	3.451852576	2.610049949	2.944942218	2.639964053	3.001408202	1.440820687
uvig_176448	0.321912484	0.407635324	0.177571632	0.162314841	0.305880392	0.651319236	0.167968803	0	0.181928448	0.192835246	0.039285977	4.266415659	0.060008758	0.074111575	0.445977276	0.555266496	0.913115075	0.204558327
uvig_177481	0.497747162	5.723354186	0.143002402	1.449077641	0.166748026	0.310827809	0.288573927	0.392008084	0.219766563	0.124235625	0.050620599	26.26508661	0.154644458	0.286481792	0.287324369	0.82279006	0.078437543	0.790729871
uvig_181906	0.835017955	0.379005321	0.303031652	0.158283115	0.465779833	0.510465308	0.356712679	0.207672836	0.3570367	0.723974891	0.026817109	3.943003718	0.122888231	0.050589506	0.76107444	0.41693519	0.747964794	0.418902369
uvig_182446	0.133953193	6.404764746	0.046181587	1.785036777	0.097909207	0.200759167	0.232982136	0.94947123	0.189258708	0	0	26.42899692	0.374559785	0.154195357	0	0.404347505	0.886579219	0
uvig_183077	0.500143339	0.56053141	5.310812767	0.432312812	0	0	3.276583432	0.157558092	0.836188884	0	24.17071022	3.627982652	0.694070525	1.228206627	0	0.057513114	0	0
uvig_184496	2.910019871	6.685538564	10.01288771	5.254026549	2.557954487	2.893296107	2.161269344	0.808880778	1.289877787	1.822943062	0.023211556	0.632781	7.936081241	1.576359426	1.844494968	2.985448377	2.697504771	1.329463913
uvig_184507	0.102931323	0.146071978	1.809812225	1.297501821	0	0	0.119350942	0	0.345393351	0	16.64420941	0.056139253	0.17588784	0.236971316	0	0.266319192	0	0
uvig_185472	4.160661855	0.441915466	0.581524131	0.141749363	3.410980684	15.52603335	2.770753722	2.125485615	1.310742702	3.873264358	0.068616796	0.490647687	0.244559369	0.258886212	4.478921564	1.745688924	2.977043408	3.215529923
uvig_186458	0.089043249	0.097202403	0.076746184	0.272591494	0	0	0.05162372	0	1.997181501	0	0	0.145693885	0.802277412	3.279964962	0	0	0	0
uvig_188646	3.036332337	1.01508265	0.752389883	0.768907717	3.016887041	4.230664761	2.420473327	2.24185135	2.714733215	2.415665819	0.028949367	0.478696366	0.530636843	0	3.614988592	2.78235088	2.242878634	3.768414692
uvig_194675	0.551207075	4.077503509	0.430370382	1.418843565	0.414738523	0.461648877	0.291370687	0	0.251959857	0.194229172	0.069247428	17.47197009	0.418060877	0.074647297	0.505351193	0.657154336	0.214600308	0.36056474
uvig_194720	0.034816871	0.285053915	0.504144251	0.231981764	0.025448384	0.104361919	0.206900675	0	0.172171233	0	0.329299584	0.23261885	0.670667099	0.22042998	0.060294079	0.030027792	0.230438066	0
uvig_195887	0.10641198	14.35770412	0.403551528	0.996451692	0	0.239223644	0.277620376	0	0.33827963	0	0.064932222	2.466598865	0.991830248	0.48996916	0	0	0.704295647	0.676191754
uvig_196581	0.684472675	0.217364898	0.729387191	0.392187596	0.432073371	0.606176511	0.450943095	0	0.40660992	0.372745173	0.227816105	0.084844269	3.711848375	0.179069519	0.538788551	0.321994412	0.353005213	0.395405563
uvig_197346	0.07474282	0.13054657	3.504484752	0.188434273	0.02731555	0	0.151665159	0	0.145202797	0	5.678172393	0.10191276	0.220606678	0.043018743	0	0	0	0
uvig_197653	0.654168376	1.349669248	1.747861567	0.883513497	0.227119081	0.15931814	4.532165381	0.61823989	0.600766496	0.097966626	2.19544204	0.909806002	0.701187571	0.489464423	0.45314215	0.225674865	0.309261593	0
uvig_198630	0.363116526	1.308084975	7.654336107	3.101333268	0	0.058308458	0.85711902	0.245123786	0.696264708	0	4.241529715	0.78510914	1.603602128	1.224108922	0	0.089477043	0	0.164815223
uvig_199299	0.059499654	0.259806751	5.169288411	0.632162644	0	0	0.025871642	0	0.084065392	0	0.471984277	0.097354216	1.746915165	0.410945204	0	0	0	0
uvig_201109	0.055056336	21.28484803	0.25624586	4.243394932	0.050302293	0.123771564	0.227426188	0.130081277	0.175021993	0.164901994	0.033595186	1.163584917	0.359213101	0.095064155	0.143015625	0.213674882	0.104112707	0.174926922
uvig_202392	0.135157669	0.663940576	1.164921036	0.462441365	0.049394792	0	0.137128284	0	0.477401199	0.607226275	0.206181856	0.663440952	0.251951828	0.311163693	0.234059147	0	0.638965099	0
uvig_204467	1.209066615	850.3951665	0.714577307	0.767229042	1.325598349	1.31590063	1.134901447	0.544124664	1.06766019	1.896890327	0.035131822	59.43513603	0.491914016	0.231962193	1.196457027	2.234483245	1.306497596	0.914640205
uvig_205716	1.694267332	7.550719808	4.951062739	4.397335641	1.253118215	1.49633959	1.42662812	1.207264623	2.336787959	1.530430424	1.238962268	6.420762619	3.137450608	2.228907841	1.513594959	1.345250107	1.474809138	0.939903835
uvig_205844	0.128917726	0.112584506	1.288921354	0.557168118	0.329800376	0.193212381	0.635301469	0	0.409824537	0.579191923	0.117997725	1.019529296	0.580772718	0.519396368	0.893012527	0.222370046	0.121893087	0
uvig_207292	0.200787022	0.423758459	11.3987471	0.204892323	0.31797883	0.05015413	1.416300952	0.316265534	0.070921588	0	0.081679698	0.091258529	31.11835809	0.154085797	0	0.173168659	0.063282091	0
uvig_207325	3.731227136	37.64181892	31.33414471	25.81166208	0.566029373	0.26377774	4.877440959	1.996018442	8.330353591	0	4.081024141	28.68240019	26.57526869	16.77507192	0.24383202	0.728602602	0.532515488	0
uvig_209614	2.713653835	0.936472074	2.761401978	1.324141565	3.007191441	3.575045519	2.842032747	2.895531369	3.401169289	2.359684088	1.709277091	1.671013153	1.142266951	0.906887654	3.183442216	2.94436071	2.60717237	3.337515931
uvig_210196	0.131485043	0.717665982	0.31731469	0.662974409	0	0	0.114344666	0	0.139328647	0	0	20.47394527	0.326807421	0.151354237	0	0.226798409	0	0
uvig_213354	0.265141354	41.55586221	0.491328236	0.131302363	0.024224674	0.17385126	0.028822194	5.168195153	2.31790421	0	0.343800216	0.25306646	0.22653522	0.076301962	0	0.114335509	0.062673495	0
uvig_216666	0.017553773	0.350669153	1.26483112	0.341394568	0.006415211	0.023019763	0.073783079	31.810707	0.266613256	0.052576185	0.203513777	0.318332656	0.466296499	0.636501239	0.167192998	0.113544314	0.01659728	0.167317388
uvig_217100	0.234376425	8.008188094	9.635807105	4.811507375	0.128482996	0.043908263	0.220808399	0	1.034824611	0	0.715078417	4.042625681	12.45189941	1.956005894	0.10147028	0.505344552	0	0.372334499
uvig_218155	0.898387077	3.444735113	17.05435139	0.970682335	0.123121879	0.042076134	0.683614249	0.530653449	0.396658094	0.168175263	1.06212333	2.22024342	6.001053862	2.843900633	0	0.677961768	0	0.713596734
uvig_219929	0.559848749	0.414707877	0.193012972	0.144024061	0.45304865	0.539395728	0.486866922	0.377928944	0.211873552	0.479094594	0	13.93678519	0.186362919	0.046032112	0.484758732	0.379375269	0.491532759	0.254110155
uvig_223148	0.294633976	0.822458171	0.522399884	0.11369423	0.16920685	0.205017278	0.323332204	0	0.356811497	0.409719608	0.179784633	0.172173029	0.117693605	0.072676545	0.218670886	0.326708888	0.159188326	0
uvig_225910	3.199878331	24.0044975	31.22020036	28.3044163	0.771823276	0.287744501	5.491278555	0	10.5565778	0.191682323	3.045985311	20.55880311	19.30670939	15.61771703	0	1.600645335	0	1.830017823
uvig_228107	0.880727331	0.700470117	5.790825584	1.223487603	0.459815815	0.377134051	2.954246674	1.189079553	2.355386137	0.188422187	2.456762379	1.269504468	0.449538449	0.796570743	0.435771028	0.10851183	0.118962443	0.399753967
uvig_229040	0.080125795	0.017493566	0.1104964	0.173147402	0	0	0.069680605	0	26.94338229	0	0.073338725	0	0.124470928	0.184467804	0	0.069104449	0.075759795	0
uvig_229270	11.79266315	35.13725057	0.094002968	30.04966143	0.946650911	0	0.829914558	0	0.120386727	0.408332914	0	0	0.084713251	89.37328929	0	0.176368369	0.128902762	0.433156798
uvig_229980	0.129265658	0.512230919	3.571926165	0.428315079	0.047241495	0.108975283	0.155506863	1.2216608	2.680180691	0.077434012	4.038525816	1.961721745	0.630533815	0.126479551	0	0.078039568	0.048888824	0.041070738
uvig_230359	0.93441432	0.52135172	0.536913124	0.261750422	1.252135666	1.050323459	0.993182865	0	0.770121206	1.243871649	0.063352932	4.827368311	0.354825832	0.478052061	1.438374208	1.432684667	1.177998292	0.329872662
uvig_234678	1.783476106	12.15328791	0.199527248	58.0991571	0.202875067	0.035403212	0.667641404	0	0.104297325	0.035376018	0.057656739	0.148162145	0.220174575	11.6652987	0	0.101864768	0.134010255	0.225159848
uvig_234806	0.185246693	3.53212853	5.343412661	3.202462671	0.090267138	0	1.00238726	0	3.664217983	0	1.092689947	7.291320372	10.64750274	2.772120112	0	0.31953182	0.233536969	0
uvig_235440	0.269105471	2.908263312	16.88533573	1.526495262	0.196694852	0	5.148547991	0	1.354503722	0	6.773548131	1.59613957	26.06480967	1.161641243	0.233011554	0	0	0.427505671
uvig_238269	0.596771657	170.3968484	0.804266064	0.429863489	0.27757734	0.447198676	0.566156251	2.307254462	2.625299657	0	0.893817819	0.665759072	0.387675993	0.437151297	0.375803152	0.374316649	0.410366527	0.344742517
uvig_239614	0.44951854	3.647072463	1.029838017	5.013598169	0.031796377	0.032598641	0.113492714	0	0.640234008	0	0.106178577	5.247421054	2.045348592	3.722279716	0	0.400193055	0	0
uvig_239813	3.510756554	12.75721935	10.18376405	11.03101852	1.032333387	1.300296038	2.012001092	0.762744238	3.321086559	0.725189179	1.772897796	13.16138878	8.901544761	6.224500252	0.978350389	0.835268991	1.220950001	1.153913677
uvig_244316	0.055660361	43.51673885	0.402977782	8.439573377	0	0.031282367	0.363033617	0	0.304733733	0	0.10189128	2.018769521	0.700368515	0.160178513	0	0	0	0.353692106
uvig_247354	0.137982253	0.828441651	1.046554138	1.81387967	0.025213533	0.15509822	0.759967704	0.652019696	0.877280649	0	1.178748112	1.843776984	2.486433197	1.350082746	0	0.23800544	0	0
uvig_247884	0.453010028	1.038491899	1.616456232	1.297081662	0.430448931	0.780778727	0.604065384	1.284388911	0.816057579	0.474891572	3.897594636	1.395967587	0.274453008	0.312879633	0.235349887	1.17209476	1.284977457	0.57572774
uvig_249390	0.134365069	179.7283676	0.162132548	0.145177733	0.229157265	0.369190171	0.285631505	5.92598622	3.409221433	0.268295706	0.888215252	0.140459798	0.306135274	0.154669473	0.232686562	0.618043098	0.169391477	0.142303137
uvig_251681	0.077453105	0.304380859	0.140188995	0.181319523	0.063688618	0.101570878	0.185229897	0.182997991	0.10943132	0.115991841	0.070892425	0.105608267	0.282749777	0.044578666	0	0.066799389	0.183081846	0
uvig_252359	3.303512493	15.93218933	23.80206714	18.79592238	1.166607781	0.945708266	4.798871357	0.526192536	8.351571247	0.555871686	3.940986399	20.99344805	14.1615204	11.32270125	0.257117041	1.504587533	0.350955769	0.589664931
uvig_258701	2.084287175	0.546065578	1.006007867	0.675604356	2.247087804	3.12377592	2.749079222	1.969813155	1.361984283	2.497101235	0.190773723	0.68206832	0.453295246	0.119962577	2.346150333	3.055906989	3.153145253	1.324454065
uvig_260892	0.124696697	0.38114391	2.514934054	0.224552208	0	0	1.265147895	0	1.960007679	0.186742667	0.989163412	0.459068818	1.026659412	3.157881719	0	0.215089198	0	0.594286081
uvig_262416	0.603716577	0.817204574	7.555366055	3.326725037	0.132380745	0.31668206	0.647519911	0	1.215488257	0	18.45612689	0.790248015	2.944817068	1.667871433	0.209097105	0	0.228328188	0.383629897
uvig_266196	0.068177195	0.137685073	7.069041796	0.23326797	0.03737411	0.025544738	0.227276887	0.161081852	0.559892818	0.153150703	10.48357509	0.464802241	0.47129704	0.176579334	0	0.205797847	0.064462266	0
uvig_266663	0.173529898	0.088400983	0.039884012	0.062498082	0.147976097	0.151709726	0.083838088	0	0.040862588	0.086624684	0.105887344	0.031548022	0.107827585	0	0.100170071	0.049886922	0	0.36756352
uvig_270749	0.114389433	1.473478886	1.045075258	3.007468882	0.062707233	0	0.348171733	0.270267232	1.575771805	0	1.535600797	10.69963846	14.4645819	3.555231613	0	0.049327552	0.10815643	3.452700131
uvig_271051	0.459230771	0.037598303	0.098952503	0	0.398597954	0.591474482	0.515847096	0.271255452	0.18248464	1.031598843	0	0.046962513	0.107008386	0	0.397636195	0.495079163	0.325655699	0.182385515
uvig_271698	0.793191397	0.505092351	15.79231394	1.999716411	0	0.34672656	1.168812606	0	6.583982515	0	15.68975246	6.939793609	1.642904446	0.304351165	0	0.114014582	0	0
uvig_276225	0.239019852	0.509800598	0.450054133	0.192035267	0.228459914	0.220446356	0.303797209	0.347526634	0.565005512	0.137673144	0.4263281	20.01567447	0.274193671	0.29630357	0.318401822	0.332999491	0.243380117	0.292085484
uvig_280596	7.762990893	60.49053389	40.2218981	40.52721919	2.310182889	1.260414816	10.44798884	1.397453129	19.65120079	0.608963235	8.075372221	35.73675356	40.78364359	29.53163419	1.216321285	2.231729099	0.978665439	2.466484698
uvig_280979	0.210274317	0.688626116	1.214274369	1.135977857	0.038423481	0.07878591	0.274294468	0	0.575613201	0	0.096231496	1.218524434	1.404592226	1.028711014	0	0.362701943	0.099408306	0.334045469
uvig_282601	0.514890329	1.305732843	0.983149728	2.496328908	0.086848656	0.059359974	1.228495195	0	0.797423535	0	2.175122057	1.771349691	0.97212932	15.18216977	0.548714318	0	0	0
uvig_287346	2.410970454	8.422051047	4.892769548	6.690079602	1.501899752	2.0735901	1.763114402	1.553559689	2.883820943	2.954134869	0.401227045	10.69895374	5.600936879	3.15375131	2.467160957	1.89030924	2.072362102	1.218671348
uvig_293756	0.065725396	2.703461002	1.536309411	3.309274242	0.07686412	0.182233098	0.213387776	0.496924806	1.221129625	0.37402912	0.176463801	1.659714067	5.57878309	1.452622172	0.045527953	0.045347866	0.22371863	0.417650068
uvig_294945	0.11896424	0.23375717	0.854458513	0.214229273	0	0.014857903	0.068970716	0.2810761	5.028430347	0.059385961	0.423450811	0.237906844	0.394249114	0.114117807	0	0	0.037493986	0.251984904
uvig_296212	0.20253308	134.6594392	0.052368847	0.109415689	0.037008923	0.050590274	0.058710296	8.055148963	4.870567747	0.151654247	0.308962461	0.142680785	0.157311888	0.058284651	0	0.189230757	0	0
uvig_296393	0.071495928	1.01461356	3.037973771	2.684415551	0.293950566	0.053576412	0.300516009	0.506769009	4.356254237	0	0.458078963	4.615942292	12.66140006	5.246621373	0	0.246646497	0	0.738267953
uvig_297218	0.09839403	0.687424058	3.205651773	2.834987266	0.143836535	0	0.541926831	0.464949978	0.868863533	0	3.602381814	2.334409697	2.87357259	6.795763059	0	0	0	0
uvig_299451	0.48190255	0.920604886	1.453727688	0.781023521	0.044029089	0.270840002	0.558775709	1.423235353	0.638312432	0.360842626	0.698381263	0.640653082	1.384925862	0.346702896	0.208633554	0.207808297	0.227822004	0.956948553
uvig_300460	0.113188999	0.271833454	8.994788049	0.529956163	0.103415277	0	1.296043618	0	4.657715484	0	19.13170738	0.895140678	1.564911562	0	0	0	0	0
uvig_302929	1.947698329	1.301215166	0.349173133	0.954010106	1.395141423	1.89739331	1.174365621	1.104435657	1.114498575	1.866767675	0.237695756	0.711730481	0.714051059	0.313883116	2.563422594	1.209449787	1.178604525	0.990127273
uvig_303877	0.144775683	0.537341696	0.524083764	0.351958753	0.661372458	1.044212002	0.818367805	0.684121286	0.281255564	0.216812455	0.022085405	0.444157725	0.652212612	0.166653274	0.376072697	0.81160111	0.958208679	0.919972756
uvig_305873	0.391043597	1.323313903	6.235233197	1.778070353	0	0	0.212541995	0.461958188	0.846007247	0	13.89923345	1.346311766	1.03268929	0.618936514	0	0	0	0.310609358
uvig_306625	0.132330633	0.741542178	0.334562761	0.317732401	0.048361622	0.165272828	0.242946719	0.208437865	0.04674156	0.132116706	0.053831796	0.174419972	0.095931833	0.253879343	0.07638781	0.228256965	0.041706675	0
uvig_306928	0.51107003	3.928546332	4.735269177	1.51087235	0.41246349	0.390955725	0.308643744	0.503125881	2.286575611	0.382682872	4.339956533	1.23690929	0.595438964	0.857937091	0.590029979	0.330579053	0.161074057	0.135315802
uvig_308234	0.220513192	3.117312539	0.152047875	0.63535571	0.080588866	0.206555569	0.159805928	0	0.27261229	0	0	15.33429562	0.274043897	0	0	0.142636112	0	0
uvig_309497	0.123920214	15.38078923	27.10750614	9.14931099	0.22643973	0	0.215531974	1.171142201	0.26262509	0	0	5.085898975	30.43474002	6.561727835	0	0.427499685	0.117167885	0
uvig_309747	0.760418855	0.393203874	0.179373554	0.115313894	0.86296217	0.884735824	0.638087545	0.756478777	0.381685666	0.899040261	0.048842627	15.51440825	0.186516004	0	0.623773196	0.517754866	0.681142877	0.25431889
uvig_313824	1.04861348	1.318892737	0.557996838	0.689650834	1.349624922	1.776573847	1.652022339	1.077196878	0.789089912	1.160713746	0.139100069	0.609218041	0.410781774	0.262407251	1.342213014	2.280600671	2.715780015	1.883129996
uvig_318656	1.740566435	3.727034691	2.677262965	3.037946886	1.370079455	1.454814346	5.841199702	0.632680914	1.111368096	1.203059505	0.081699047	0.894545452	2.870264445	1.155917245	1.854907097	1.50115058	0.253188331	0
uvig_321869	0.047071269	0.123322735	6.613011879	0	0	0.017636737	0.095515147	0	0.049879256	0	17.6644761	0	0.014624515	0	0	0	0	0
uvig_322655	0.164812583	0.151128251	0.539796117	0.480803655	0.16865098	0.271709841	0.262767324	0.311521367	0.820828241	0.197455375	16.83509459	0.310119113	0.256027101	0.07588721	0.285414012	0.397999065	0.093499235	0.104729664
uvig_322900	0.269349145	2.440448773	4.190333612	1.540003508	0.073827359	0.02523004	1.991012945	0.636389619	0.594618517	0	14.89475491	3.121717555	1.673675139	0.193782184	0.058305636	0	0.19100437	0
uvig_327352	1.548173306	1.406839554	19.22931374	4.505898603	0.336419377	0.721170591	1.091638045	2.768110153	3.665323767	0.501298545	5.642607809	2.738534197	1.079000167	2.071116527	1.159371866	0.505218844	0.31650041	0
uvig_328398	7.608307881	43.63223443	31.09596391	23.09288706	1.591910022	1.109811663	6.111414081	2.744443312	9.23149647	0.347908773	5.10327552	23.15545032	25.40650969	27.21005502	1.609243225	2.153867051	1.208108395	0.553588917
uvig_331758	0.042653453	0.335245295	0.985246226	0.192024473	0.062352612	0.015981462	0.160736996	0.201554117	0.572506735	0.063876748	1.978051187	0.319871806	0.278290932	1.644815642	0	0.147145789	0	0.067760023
uvig_335993	3.625602559	1.149258612	0.418396522	5.034658393	3.060284777	3.685993792	2.974872775	1.684564474	2.041503273	2.521702673	0.092566115	0.494355391	1.548257656	9.01925877	3.388885752	4.193184596	3.040777151	2.193022256
uvig_336069	0.166156357	1.43895982	23.27636709	5.98424461	0.020241196	0.041503816	3.660571186	4.710919619	2.425829113	0	27.84791342	5.225897436	8.990991161	0.637549538	0.047956848	0.14330146	0.104735073	0
uvig_349986	6.760470219	4.384553354	0.045700664	44.32829335	0.605560043	0	2.324772208	0	0.093643909	0	0	0.144595839	0	88.65456191	0	0.285811955	0	0
uvig_355065	0.038551152	0.197793139	3.99390401	0.881664719	0.028177848	0.043333218	0.51964723	0	1.211909471	0.057733245	12.60874589	1.371945783	1.155820102	0.13313028	0	0.066496841	0.072901052	0
uvig_366403	0.200203794	1.857664286	6.815931113	2.145120279	0.12804152	0.337557019	0.319192953	0	0.371256801	0.449730321	0	0.627854801	6.702165543	1.670815662	0.693405405	0.086332827	0.094647413	0
uvig_366661	0.74846642	5.710267579	23.81141657	3.219813009	0.288731314	0.311596188	0.518306403	0.392977145	0.704991473	0	0.811931769	2.653412366	2.389995661	2.201789899	0	0.609652545	0.786314438	0.264228196
uvig_368605	0.021301005	767.0741593	0.110155742	0.291525178	0	0.023943282	0.148193666	0	0.594387956	0	0	1.185002704	0.330899165	0.098079517	0	0	0	0
uvig_371277	0.379720042	0.227982868	1.178207585	2.889033734	0.138772685	0.035568525	0.467811348	0	3.202209279	0	29.45535267	1.514427442	0.442405336	0.546376184	0	0	0	0
uvig_372253	0.095067336	0.072644939	2.310660947	0.4879087	0	0.017809989	0.289360285	0.224615027	0.461718028	0	6.134532045	0.453689206	0.251059013	0.164149971	0	0.081990772	0.044943591	0.302051274
uvig_374792	0.242856355	0.265109613	7.556357012	0.28426619	0.044377205	0	0.211197625	0	0.686249864	0	0.259332689	11.93751203	0.58475877	0.279555281	0	0	0	0
uvig_378528	2.75744685	3.956151735	3.977230087	1.479538619	1.54245607	1.518119266	1.647596066	0.531836999	2.444888134	1.348402842	1.33919993	3.284081447	4.930440782	3.238913146	1.559250804	1.504549283	1.596242109	1.787970788
uvig_378623	0.138550527	1.119221141	10.72359276	4.341300121	0.151904244	0.155736985	0.98399427	9.165870136	3.45016695	0.622469453	9.384278807	2.418116566	2.410581271	0.956924471	0.239934725	0.238985654	0.262002006	0.440207595
uvig_380418	0.263936166	0.307329062	25.1447872	0.190117141	0.321527497	0.362604058	0.816104796	0.415733605	1.009959181	0.527018969	44.39692586	0.19193612	0.369009023	0.15191027	0.609428225	0.227631604	0.332739285	0
uvig_380984	0.123535587	1.011414904	10.97757826	2.235736023	0.04514738	0.092573014	0.402868126	0	3.076266891	0	17.67684163	2.551900847	0.508549849	0.462161402	0	0	0.175206325	0
uvig_382713	0.634173373	17.52009884	9.502303205	5.270821166	0.534843074	0.292446858	0.905029901	1.383099369	1.309546894	0.146111114	0.416737352	4.709306849	3.78904906	3.481565488	0.168958315	0.252434992	0.645742135	0
uvig_384644	0.177571733	0.287995124	5.019997135	0.986715437	0.046353899	0.095046935	0.169130499	0.359612292	2.338617044	0.056984358	12.97922018	0.861259885	0.882712717	0.029200751	0	0.021878092	0.047970277	0.080598163
uvig_386381	3.339151901	18.37439515	19.38250164	13.57242975	2.988558851	3.012897996	3.99033877	1.288064375	3.658697428	3.265718004	0.332659418	13.95626184	76.24103543	10.74679318	4.720467491	3.114939526	2.061847369	3.031220158
uvig_388303	0.307668817	2.055468884	0.477322361	1.302008213	0.264235895	0.265139018	0.280939198	0.290770912	0.342323605	0.322530009	0.03754769	7.391770358	1.280895939	2.408300203	0.479524626	0.238813924	0.145452076	0.293260848
uvig_389121	0.106419995	2.579005166	0.495305087	0.479099396	0.116676921	0.03987361	0.215943222	0	0.187947282	0.159371933	0.194811339	0.507867427	1.157222443	0.122501516	0	0.642473071	1.207454903	0.338121342
uvig_391953	0.06269416	0.041063346	0.021614384	0.022579767	0	0	0	0	0	0	0.038255759	0.034193705	0	0	0	0.054070544	0	0
uvig_392479	0.128659468	0.688198677	12.84121459	0.718233775	0.282119738	0.433856977	1.081578514	0.607965916	0.863451927	0.192677214	6.790904126	2.719146013	1.93869307	0.296203356	0.445611787	0	0.364946703	0.408781374
uvig_392738	34.24750848	2.640793644	6.618787721	7.699561274	2.081735316	1.42284013	24.27896028	2.990749313	92.08002274	0.210629222	7.12324447	17.777424	135.5930284	771.4559785	1.217825166	4.184877651	2.260712711	8.043626018
uvig_397366	2.616940057	3.073845601	0.631549797	12.93124266	0.841621686	0.078441536	1.456509448	0.989284589	0.332766108	0	0.670676063	0.28545841	0.227655095	66.45344666	0.181275324	0.225697854	0	0.6651707
uvig_401215	2.548265509	4.614459789	1.326419842	1.655597274	2.885174316	2.377609603	2.462304302	3.541630431	1.553102016	2.91828507	0.060978149	30.65816053	0.745145882	0.747714977	2.768913585	1.594446231	1.748004968	1.587536974
uvig_409788	0.104081295	0.468360317	1.686499943	0.160355287	0.050716806	0.082327723	0.112303499	1.338855615	1.752388046	0.034637679	0.589232096	1.072255225	0.395228662	0.10649725	0.020026963	0.069817111	0.12027886	0
uvig_413650	0.310167774	1.530421683	2.459463001	0.4915206	0.272049784	0.37188527	0.413592645	0.29313262	0.273892092	0.092899906	5.015477512	1.421003116	0.751652046	0.142815351	0.322279623	0.160502417	0.410573719	0.197095186
uvig_414386	5.344976323	4.22001235	0.385687554	90.81230883	0.545128699	0	2.432200679	0	0.373197793	0	0.151697026	0.271179211	0.3475725	56.8764774	0	0.268009996	0	0.39493596
uvig_416283	1.313546584	17.60122858	0.490595286	2.444265051	0.840086486	1.435471595	2.046643735	1.29312862	0.947268573	1.393387035	0.13358693	68.85044763	0.748191005	0.756020743	1.137366435	2.312937896	2.949684268	0.869467976
uvig_418132	0.210265625	0.591683907	8.006227724	0.45437236	0.017076397	0.061275397	2.248444415	1.269582979	1.493644196	0.069975236	0.627260857	0.847357126	19.93204555	0.107573175	0.161834341	0.020149275	0.044179643	0.222687773
uvig_418142	0.051047302	0.362211433	0.219987798	0.239005845	0	0	0.081386765	0.241218313	0.090154127	0	0.031148887	0.104405441	0.11894868	0.117522499	0	0	0	0
uvig_418838	0.525138733	1.031864236	13.01723447	7.88683005	0.191917476	0.118055881	0.50234987	1.488890587	4.674308847	0	2.59554649	2.105137477	3.9646595	5.138202377	0.090940843	0.588777301	0.297914568	0.16684892
uvig_425903	0.530014935	7.592761964	0.15461557	1.189384157	0.148999642	0.137483187	0.047274076	0.577967598	0.072004157	0	0.049755889	32.28720439	0.076001397	0	0.141208121	0.527435878	0.154195317	0
uvig_426811	0.061958748	0.21643556	0.170886757	0.167361775	0	0.069644402	0.04490151	0	0.109424722	0.092787878	0.037807014	0.076033367	0.086624495	0.106982347	0.053648498	0.053436289	0	0.196857509
uvig_432191	0.03634194	0.487965613	12.10322245	0.071988507	0.026563089	0.040849965	0.100080626	0	0.03850988	0.163274351	6.109412487	0.163523858	3.455056066	0.125501116	0.062935115	0.062686173	0.034361692	0.230933772
uvig_433285	0.426919177	0.598680048	5.389209277	1.271461314	0.102014453	0.073827113	0.299868721	0.85349795	2.905713911	0	3.76729736	0.662709363	1.137634482	2.041335079	0.056870525	0.198259499	0.093151533	0
uvig_433958	1.814000307	9.050337072	25.14891279	12.91528087	0.816405106	0.918816492	1.762546054	1.190535476	3.624913287	0.553381821	2.992720737	7.685898289	9.403595854	7.327756652	1.105304966	1.042989055	0.984626973	1.280778979
uvig_435637	0.10989642	2.339344382	4.281320837	2.711230821	0.060244205	0.082352325	0.589350392	0.259651617	2.057321795	0	0.905288609	4.825013114	8.706614088	1.454787679	0.380626013	0.473900541	0.207816478	0.174583381
uvig_436116	0.157349801	0.625235438	1.139203416	12.80757811	0.092008225	0	0.127715184	0.29741555	6.536064538	0	0.384057217	13.98855564	9.933801351	7.027747547	0	0.434260003	0	0.499937308
uvig_436340	0.34708111	0.252589749	1.386054531	0.302092612	0.169125925	0.270926861	0.289259166	0.068337206	0.633409004	0.129945006	11.35711501	0.836073913	0.242626964	0.033294152	0.150264334	0.199559944	0.191431856	0.183793046
uvig_436701	1.115435652	4.983645139	2.224934805	2.109095283	1.455884629	1.582175593	1.443493411	0.941226132	1.378971776	2.147719684	0.291700704	2.68332032	2.772426729	1.054708762	1.51772852	1.649154643	0.979323727	2.658000962
uvig_440553	0.34240598	1.258396386	5.203931264	4.007901844	0.260699725	0.128293208	1.100094613	0	1.52187805	0.085463111	33.53405856	0.933749574	1.737567699	2.660500478	0.197653728	0.344525827	0.377706596	0
uvig_441164	0.244426559	0.120070663	4.476752876	0.225582104	0.033498097	0.103029891	0.061997582	0	2.066664578	0.045755891	0.372870601	0.024995898	0.256299488	0	0.052910678	0.026350694	0.05777698	0
uvig_443747	0.063164665	0.136181244	0.032664893	0.105215157	0	0	0.064085613	0.111929082	0.050199515	0.035472685	0.592596469	0.047369191	0.044155243	0.240850919	0	0.068095413	0	0.025086123
uvig_448159	6.018906393	27.37180141	3.466315081	1.280945452	3.24951645	3.997807152	3.033504547	1.292803115	2.295098523	2.048582786	1.001649779	0.988552782	0.595002125	0.551126362	3.316483739	2.654489947	2.069432827	0.869249115
uvig_451553	0.091032799	0.075524436	0.740671583	0.098358416	0	0.040929974	0.063332618	0	0.128617688	0	0.166643697	0.208528902	0.186666936	0.230536027	0	0	0	0
uvig_453172	0.040537607	0.597403654	4.234640204	0.131399281	0.066667027	0.045566082	0.182141162	0	0.050115141	0	9.078077964	0.221094111	0.409323833	0.046663395	0	0	0	0
uvig_453807	2.227028569	3.816817929	2.629675433	2.105462309	1.749865702	1.794017081	2.081966848	0.526178713	1.415927787	2.167842625	0.339731282	1.958594737	5.604493578	1.538137876	2.313992583	2.400874481	1.789827402	1.415158658
uvig_454815	2.049221575	9.576650726	22.26045805	10.43439213	0.897400281	1.032566079	1.823052732	1.41911416	3.987260402	0.846582945	2.770344605	7.780231738	9.078038163	6.771632671	0.887184309	1.386455634	1.068999108	0.729665196
uvig_456586	0.096809748	1.96565836	1.33504181	2.47553924	0	0	0.36482177	1.143659077	0.615508999	0.144979867	0.797485142	4.052439561	2.240788836	2.618817177	0	0.584454605	0	0.461380992
uvig_458475	1.119193126	7.537234943	9.438534915	3.53475167	0.786578662	1.128995085	0.61142905	0.406817066	0.714615374	1.805004645	0	0.962575081	10.44499625	1.783825692	0.596357379	1.63349578	1.13960975	0.27353382
uvig_460146	0.059544788	0.448506609	3.60277101	1.533353083	0.152328885	0.089241337	0.051782535	0	0.210322902	0.178345582	17.16782618	0.365355246	8.278704135	0.205628466	0	0	0.337801398	0
uvig_460500	0.367876035	128.7963463	0.507314498	0.264986573	0.228555085	0.358374558	0.373239711	5.041235393	6.224146723	0.110184397	1.122383419	0.601924227	0.377173356	0.635200723	0.637068924	0.698003873	0.208698432	0.233765729
uvig_460769	0.999838384	6.885261535	3.102330764	2.59571521	0.487201944	0.296574966	1.67861719	0.590578048	1.780519544	0.623888772	0.762622403	6.168896288	2.485108534	2.781408547	0.721445431	0.898239659	0.157559645	0.529453598
uvig_460930	0.026738419	0.096322039	0.553098856	0.178155744	0.004885918	0	0.06200747	8.275886128	0.070833679	0	0.163156908	0.138541027	0.236758813	0.184673765	0.069456342	0.011530268	0.025281461	0.042477121
uvig_462314	1.007622233	17.03550701	1.042160914	2.064008713	0.828553832	1.226996793	1.496959027	0.595175761	2.024239813	1.320366207	0.07685595	3.400415795	3.737116999	0.507450899	1.526830118	1.629418593	2.381793955	1.00045397
uvig_462472	1.057203563	8.976844176	0.827469443	0.79239184	0	0.021411605	0.273331155	1.080150728	0.716569063	0	0.26152782	1.394758449	1.109666501	0.559144482	0.098962763	0.049285656	0	0.363133432
uvig_462788	20.54666049	32.12056338	72.95267383	30.74038609	10.72038662	15.37270083	22.75666966	4.579761539	16.8884058	19.64259079	9.501691122	41.93533896	27.16048308	20.15587441	20.58812857	28.2524255	25.04750201	14.37015702
uvig_469041	0.489957097	8.825066764	0.456076402	1.852847718	0.572991925	0.66088041	0.440289217	0.92609497	0.55379731	1.027246558	0.298970125	30.0227314	0.578451855	0.225598533	0.84848267	0.929639113	1.019171269	1.089696213
uvig_474482	0.294887129	0.187291949	2.597079458	1.062057898	0.019594474	0.100444337	0.357469725	0.12667783	0.388230633	0	6.297868711	0.657952767	0.41644601	0.432025514	0	0.393048106	0.050694351	0.170350133
uvig_475341	4.266328291	13.70564423	11.60174924	13.29585968	2.259212125	2.120478498	2.675360796	0.411429732	2.491070514	1.825470559	2.072013301	9.509327119	13.4714115	6.163842523	2.412476533	2.327842211	1.152531132	0.82990579
uvig_483976	0.179708267	0.408044373	4.770617153	0.064723267	0.013135255	0.107733399	0.093768909	1.019029562	1.612295282	6.028436351	0.471526659	1.058548795	0.748166782	0.08274586	0	0.092993578	0.186907694	0
uvig_498906	0.277454742	0.575468765	0.167396351	1.748729258	0.126748444	0.207914354	1.528143209	2.294392333	2.597053149	0	13.92508324	0.605300754	2.111950842	2.79459214	3.603614616	6.87960741	6.361658235	3.746540497
uvig_502448	1.898600209	13.09036176	14.98941872	8.2055396	1.221199626	1.849563293	1.386923055	0.717729824	0.818156088	1.023586694	0.370726169	2.640540156	15.34851579	3.103416727	0.986369655	1.702944592	1.866952645	6.876821072
uvig_503101	4.378357312	0.616716405	23.76211612	1.882103951	3.53574185	3.86308881	3.316292497	2.33590423	7.133921986	2.961189147	0.387821393	2.696103889	0.241344699	0.325160461	2.201288376	3.288871651	4.273325004	1.794976831
uvig_503398	2.033399197	2.701077844	2.599335666	1.542859178	1.845293217	2.088741967	1.761702539	3.400796747	2.223294817	1.847630008	0.174265893	3.470379043	1.618426782	2.077676656	2.453066121	2.433510659	1.98740742	1.342931059
uvig_503689	1.398553158	3.740425984	1.808114924	8.472941915	1.159137997	1.469105311	1.795398816	1.77018922	2.125939029	1.271623293	0.594326779	6.3269695	3.157991298	1.696138025	1.210971456	1.873888983	1.652933683	1.269580615
uvig_503939	0.158070362	6.827408915	0.32697721	0.607255626	0.288842385	0.276388236	0.343660813	0.248981268	0.297777574	0.078907412	0.401891617	2.959957595	1.301433227	0.545870884	0.182492118	0.408983095	0.298914431	0
uvig_504185	0.811334066	5.520724383	2.56405263	16.43669942	0.148255286	0.05066532	0.823163411	1.277956109	2.818014892	0	0.660097653	4.056301442	4.957423679	5.759282912	0	0	0	0.859266352
uvig_505100	0.419934102	0.323072184	0.027576404	0.115232294	0.087696764	0.022477367	0	0	0	0.119787209	1.110383457	1.161530261	1.404092946	0.55244789	8.137942854	0.327679374	0	0
uvig_505624	0.359560588	0.088314213	0.015495225	0.032374604	0.328513001	0.168400905	0.338745664	0.212382915	0.190504901	0.201925867	0	0.036769898	0.09774751	0.05173689	0.155667164	0.232577126	0.212480235	0.428403192
uvig_505859	0.086202079	0.094100893	0.059437909	0.279416871	0	0	0	0	13.8082246	0	0.05260021	0.09403008	0.107128075	0	0	0.037172468	0	0
uvig_506290	0.356004731	0.524645003	0.153419855	0.064108874	0.325264187	0.500206536	0.30959599	0	0.235776139	0.466500838	0.081462321	3.774116023	0.22121335	0	0.385319254	0.383795109	0.336606275	0.565555359
uvig_507847	0.041726368	0.19130921	0.136662693	0.225420921	0.01524934	0.039085252	0.042334743	0.098586641	0.088431022	0.062488369	0.012730643	0.113788837	0.103711315	0.048031795	0	0.071973767	0.05917909	0
uvig_509342	0.077920823	1.735240593	1.356627735	0.884008534	0	0.058390991	1.547256809	7.364122527	0.536699204	0.116692283	9.461856254	0.074372203	0.714169195	2.421784641	0	0.201608314	0.07367497	0
uvig_510781	0.321645587	0.977587569	1.429900655	1.496814106	0.262938025	0.294943802	0.188930915	5.719624518	0.998580953	0.228168197	0.583636151	2.495219581	0.649555885	0.282559703	0.205213988	0.321203546	0.408160163	0
uvig_512899	1.469478199	1.329135028	5.693399258	1.612932533	0.281304713	0.078655199	0.730238381	0	2.175050456	0	0.555081746	2.289887648	5.674269103	1.610987149	0.121179394	0.54315029	0	0.444655017
uvig_513534	0.186403466	0.217049461	15.98038883	1.633608427	0	0	0.540346431	0	4.455244871	0	14.90030029	3.185515003	1.737403963	0.786762484	0	0.107175713	0	0
uvig_514433	2.885803014	18.20432554	19.05140981	15.74494666	0.92001128	0.644153219	2.936777684	2.901391313	5.400214158	0.551707238	3.109686857	12.1561072	13.33434137	7.562594774	0.850635955	1.853405823	1.27719716	1.950824376
uvig_514703	0.05785988	0.168431092	0.119686334	0.145870659	0.007048501	0.007226343	0.022363232	0	0.122622903	0.028883172	0.070611798	0.120968748	0.095874216	1.132256127	0	0.099802445	0.072942846	0
uvig_515505	1.508664519	14.46047612	51.68623425	5.018059226	0.118920207	0.06650221	3.824508774	7.129025336	0.626926405	0	12.96034868	7.260291964	4.227716926	0.442674067	0	0.255126843	0	0
uvig_515684	0.095025777	0.186719612	7.89540216	0.787157504	0.03472817	0.035604407	0.192822527	0	3.171874887	0	15.22090507	1.852834148	1.107129097	0	0	0	0	0
uvig_518590	0.089032027	0.349884551	13.35215315	1.34675293	0	0.066717319	0.154851642	0	0.220133995	0	14.5324819	1.347498599	1.355401344	0.307457963	0	0	0	0
uvig_518634	0.63890494	0.557958934	0.647038178	0.316396244	1.021538583	1.047313325	1.215412967	0.377384224	0.76164542	0.956808121	0.146196594	0.500914002	0.347376043	0.18386306	1.106422937	0.482145318	2.642900069	1.014975594
uvig_519284	0.311934448	0.558448577	23.33666849	3.224316087	0	0	1.853683147	0.294802265	1.840020326	0.093429052	0.076136528	0.238182827	10.87381058	0.287257617	0	0.376638774	0	0
uvig_523481	0.138809144	0.606113657	4.953067088	2.499657207	0	0	1.08642598	0.655927074	2.37794949	0	1.905769336	1.381656282	0.646896652	1.198388318	0	0.059857936	0.131245528	0
uvig_525660	0.70086224	0.671298807	0.381929174	0.317561578	0.355287473	1.008045778	0.884755028	0.641002466	0.822528594	0.270862924	0.234525263	0.413080646	0.491693624	1.275220473	0	0.545962299	0.470283875	0.574659121
uvig_527169	1.577461687	11.95200167	13.01197915	6.838656534	0.896777734	1.006966941	1.219399057	0	2.558936755	0.787455774	0.499106048	7.265223423	4.392744974	5.514766593	0.607059459	1.410869163	0.331445972	0.371256786
uvig_527170	0.66603151	8.506612325	0.606854043	1.610597311	0.347726034	0.427799535	0.427510452	0.674412292	0.520920257	0.284980628	0.087087884	22.50895307	0.192147909	0	0.65908534	0.656478304	0.989591281	0.604611051
uvig_527729	0.11312815	0.426937217	12.53634541	0.145514084	0.035437605	0.036331742	0.683980633	0.22910332	0.245461799	0	2.208972991	0.207137905	6.010247625	0.074413352	0	0.05575275	0.122244428	0.205391273
uvig_528432	0.086716137	0.045753326	0.119584722	0.062462921	0	0	0.594915545	0	0.048497024	0	0.149922678	0.007882568	0.024696586	0.083183445	0	0.236829569	0	0
uvig_528435	0.172843534	0.08805133	2.055833872	0.145252059	0.010527915	0	8.267141748	0	0.020350482	0	1.24804423	0.031423239	0.035800364	0	0	0.099379208	0	0
uvig_529021	123.4962533	42.03064914	26.71368854	24.60273935	80.74939389	111.1580106	119.4053343	588.9031996	64.9081938	97.54523075	0	0.865998865	0.394651544	0.812332747	0.122208287	1.278111322	0.13344803	1.345291296
uvig_529959	1.35511983	6.040439477	5.119623125	2.846996083	0.165080934	0	0.671071226	0.533622258	2.29354418	0	2.239492211	8.145377312	8.701090861	4.159725385	0	0.584361182	0	1.255780826
uvig_530022	1.017360463	18.44333008	11.8043604	11.85146591	0.666684982	0.814949828	2.115234374	0.663092828	3.556326008	0.525370235	0.941888025	15.7469252	17.1556491	5.290130448	1.579556372	2.723033733	1.592152026	2.340698633
uvig_532722	0.01121522	0.134671744	0.212660226	0.17772677	0	0.008404272	0.894043795	0	0.091112601	0	0.451670237	0.088694128	0.094079961	0.103279948	0.019421945	0.164433527	0.063624662	0
uvig_533592	0.041612083	0.417910502	8.205995396	0.329711816	0.030415147	0.031182561	0.078406328	0	0.088188817	0	0.584005628	0.16454191	5.145506083	0.287401436	0	0.017944159	0.098361672	0
uvig_534725	0.4948523	0.186613263	3.582701888	0.259235973	0.213730613	0.353968429	0.612913332	0.212579015	0.222460933	0.673707705	26.18792108	2.944307908	0.517142464	0	0	0.116395936	0.382817564	0
uvig_534940	0.409266933	0.175999758	4.395432512	0.317134464	0.049856969	4.233245144	0.082687308	0.117208793	1.944995039	0.092864843	1.074609813	0.12513636	1.290812292	0.256970607	0.085908796	0.160441838	0.117262502	0
uvig_539326	0.023480096	0.220431841	0.441176287	8.249346067	0.008581048	0.035190237	0.074870522	53.31270858	0.323450102	0	0.136110999	0.076836964	0.193317565	0.297310869	0.040661631	0.141752775	0.066602045	0.074601786
uvig_540047	0.344811321	0.107544814	2.954938928	0.088704542	0.144017058	0.239932541	0.242745227	0	0.226188041	0.147537384	0.090172575	0.214927771	2.915439442	0.170107303	0.511822826	0.382348719	0.093149368	0
uvig_540511	0.048531232	0.18542375	0.309534332	0.279662136	0.017736249	0	0	0	0.154278935	0	0.148067948	0.105876695	3.226715345	0.195527382	0	0	0	0
uvig_540784	148.3572427	0.268504737	0.079999241	0.162966024	0	0.043471279	0.020179465	0.10964973	0.065569652	0	0.042477708	0.110738136	0.162210204	0.547573185	0	0	0	8.662780277
uvig_541910	0.246873316	0.251528343	0.085111831	0.237102022	0.03007415	0.12333184	0.202763661	0	0.159866842	0	0	0.089763951	0.076700769	0.189452839	0.427522596	192.0500132	0.311228475	0
uvig_542575	0.314825819	0.068734747	24.51174171	0.113386857	0	0	0.060841146	0	0.148269523	0	0.128070417	0.114471706	0.032604283	0.362400318	0	0	0	0
uvig_542829	2.967059114	0.890707062	3.963817866	1.402548495	1.581333503	2.825576811	1.290136792	0.584187741	1.31002331	3.147403947	0.377185251	5.006456959	1.209904466	0.426927804	1.712733799	3.411918038	1.7533663	1.178380537
uvig_546131	0.227795294	3.870939432	0.183247187	0.109389556	0	0.085350697	0.066033307	7.714351694	0.10728186	0.454854076	0.0926666	0.403782209	0.141546883	0	0	0.261949237	0.071794294	0
uvig_546340	2.889680701	1.514143713	0.73722043	1.040739967	3.506133205	4.937157996	3.484668669	7.373625884	2.184270609	5.019916036	0.035265463	0.630418458	0.359116548	0	5.004201415	3.289708696	3.715824591	1.65261508
uvig_547729	0.117217378	1.38194819	7.233705419	0.422167093	0	0.02927946	0.804169133	0	0.331226291	0.117027883	4.386905833	2.1203761	1.335331217	0.134930531	0	0	0	0.248284777
uvig_549670	24.29444463	35.9226673	0.045894421	81.3613834	1.605456405	0	3.009934272	0.629044817	1.293062783	0	0	0.07260444	0.082717933	138.14274	0	1.090690088	0.251733226	1.268862932
uvig_549878	0.052740273	0.403010549	15.20072959	0.223188911	0.067460707	0.079043232	0.214036928	0.124609128	0.256146178	0.118473778	0.651684122	0.147419628	5.06321558	0.151775128	0.045666455	0.159200369	0.074799737	0.167568244
uvig_556404	0.614900243	0.660056981	0.582979312	3.395733641	0	0	0.089123651	0	0.542984565	0	0.0312675	3.814829582	1.703463236	0.471880068	0	0.176773461	0	1.302455082
uvig_556735	0.198837359	0.622230344	3.450400153	1.193545863	0.096889607	0.049667129	0.634028784	0	1.591946455	0	4.853194751	2.024341744	3.274156431	2.517728522	0	0	0	1.263506066
uvig_558797	1.57694004	10.54606789	6.018461253	2.182110881	0.955460206	1.192066519	1.038552357	1.111211512	2.281760307	0.911489378	0.337629248	2.63302406	2.342245428	2.57954775	1.10192766	1.073708751	0.653953355	0.703201293
uvig_559112	0.104996528	0.091694002	3.076873549	0.037815279	0.498837117	0.47208316	0.30436397	0.496149342	0.259606636	0.786200921	0	11.8826173	0.587182375	0	0.181827623	0.905541987	0.397101354	0
uvig_559686	3.36991575	26.4866811	34.5057346	27.50244623	0.418734198	0	7.932194873	2.547865556	10.35573926	0	4.030369427	29.49939788	22.34287352	14.43046119	0	1.86008449	0	1.284841744
uvig_560376	1.996856171	3.700643011	2.145353743	6.489368405	1.272858312	0.504590015	1.480775829	1.316640049	3.674253857	0.764996804	2.465286076	6.572563079	9.363723792	8.873698016	0.884618338	0.640813963	0.395173012	1.770552969
uvig_561683	0.140520962	5.568314329	6.249519253	7.363706729	0.35948405	0.342228991	1.425697743	0.66401608	2.853985558	0.420881384	0.728835943	6.495310152	4.474974338	1.860189477	0.486694048	1.030133937	0.132864071	0.892936261
uvig_562629	0.061173221	0.151364841	4.232065391	0.638927706	0.059617059	0.030560638	0.632473267	0	0.691439423	0.122148656	15.54076068	1.751619305	1.558478334	0.633756002	0.070624439	0.035172541	0.038559956	0
uvig_565240	0.298113401	1.262668155	71.06023827	0.429471022	0.370425509	0.178716153	4.424556678	2.535662723	3.390628298	0.357157762	21.53787949	12.25947625	2.167319434	4.941538908	0.413006047	1.234117159	0.112747762	0.568305813
uvig_565291	0.768458091	0.671098359	0.220777457	0.276765889	0.374454793	0.623842006	0.872479239	0.60521045	0.927396835	0.191803948	0.156303489	0.209560421	0.616774207	0	0.221796077	0.552296887	0.605487776	0
uvig_566801	0.101068546	0.419252459	0.243910133	0.345805582	0.036936564	0	0.336924166	0.238794052	0.160646528	0	0	2.218712218	1.397338414	0.232682779	0	0.087166513	0	0
uvig_567821	0.202417021	0.044192953	3.058914309	0.194405316	0.024658477	0.050561284	0.13691219	0	0.107245999	0.101044896	6.690350639	0.285198047	0.052407247	0.077668336	0.116845152	0	0	0
uvig_568287	0.621147178	0.888586384	4.521543315	4.06727485	0.458333445	0.430000809	1.37701625	0.47521662	2.482358314	0.460677676	54.62246451	0.91147076	2.227580493	0.551579941	0.38929044	0.474484271	0.419500922	0.563865887
uvig_573262	9.988909447	17.63102732	1.7218839	108.3834291	1.259697543	0	4.119072193	1.994428464	1.093264433	0	0.472163224	0.153464806	0.262262711	82.67490444	0	0.970696287	0	3.576012788
uvig_573395	12.21057769	41.55565744	0.809559274	11.62257279	0.294229721	0	2.781116382	0	0.260675563	0	0.655019979	0.768428014	0.979689041	14.67359919	0	0.57862671	0.380612031	0
uvig_588944	0.119679678	0.209033743	0.226933643	0.754311685	0.043738198	0.134525307	0	0	0.126819045	0	0.073028125	0.342687913	0.278873497	0.137764918	0	0.206435347	0.056579207	0
uvig_596511	0.604379387	17.63757038	0.104182658	62.19969539	1.362073638	0.075483271	3.854345367	0	0.124528641	0	0.522452798	0.082407877	0.187773894	23.88602273	0	0.173748892	0.095241194	0.640085129
uvig_596710	0.093300203	0.061109656	2.476789508	0	0.068195082	0.069915732	0.108183464	0	0	0	7.543418601	0	0	0	0	0.08046671	0.088216338	0
ivig_621	0	0.248188787	0.216228994	0.211768712	0.042977375	0.01468725	0.096586269	0	1.391512248	0	4.425064747	10.51336156	0.572402585	0.248175598	0	0.067614807	0.037063344	0
uvig_7440	0	0.282362971	0.111469881	36.3901755	0	0	0.124967992	0	0.038068285	0	0	0.22043007	0.10045402	0.124061985	0	0.325328565	0	3.081856101
uvig_9719	0	0.162407553	1.813523416	0.708053848	0	0	0.10781732	0	0.150142964	0	7.003186307	0.115918099	0.165081253	0	0	0	0.100477454	0
uvig_12784	0	0.644293106	7.949944427	5.487245364	0	0	2.40720293	0	0.581785755	0	11.55813742	5.202869133	4.562977975	0.869000334	0.475394273	0.118378458	0	0
uvig_12813	0	0.653305086	45.77577867	0.250630523	0.05086418	0	2.743461034	0.657671561	2.040151829	0	12.10197318	8.349939671	1.79450737	1.121470486	0	0	0	0
uvig_14473	0	0.746080738	4.832764042	0.326527285	0.152923937	0	1.779035948	0	1.847514364	0	2.851204007	0.456440389	2.210087608	6.342041333	0	0.120294951	0	0.443162592
uvig_22024	0	1.528115997	1.90960698	0.544062952	0.147219718	0.188667828	0.131370041	0	0.711440076	0.150818329	0.184355677	1.27704896	0.782223927	0.289816933	0	0	0.095220829	0.159987065
uvig_24628	0	5.696293306	0.109918777	0.574140896	0	0	0	0	0.037538564	0	0	0.637597499	0.511790376	0.489342648	0	0	0.100485012	0
uvig_25351	0	0.51046415	0.296974714	2.570549767	0	0	0.249701982	0	0.499857599	0	1.27651026	0.234905272	0.802879762	0.849914279	0	0	0	0
uvig_39251	0	0.129889571	15.8031365	0.897891864	0.020707108	0.127377453	0.295644492	0	0.440295733	0	13.93329306	1.166581305	2.754982822	0.423946027	0	0.024433329	0	0
uvig_40752	0	0.067362874	1.59559128	0.466719854	0.022552001	0	1.037506681	0.291596353	0.839166516	0	4.424377892	0.260834708	0.833987289	0.248617032	0	0.053220415	0	0.098031119
uvig_44226	0	0.952041018	0.511785021	2.740047118	0	0.278102002	0.268949107	0.438418917	0.294942342	0.138944196	0	0.430120162	0.648574531	0.213599399	0	0.400087941	0.350895851	0.884346389
uvig_45936	0	0.02684082	0.084768708	0.265664429	0	0	0.03563757	0	0.933621952	0	0.075016971	0.268206221	1.336852204	2.051993654	0	0	0	0
uvig_52699	0	3.29331297	5.144352137	2.989964392	0	0.08132134	0.692075044	0.512801973	0.632468589	0.162517754	0.430422835	4.971764665	3.236748888	1.374115121	0	0.374374148	0.307822173	0.344795473
uvig_66907	0	0.877348671	4.496942808	2.159087071	0.048151171	0	3.074542973	0.622592474	3.094787552	0	6.150317851	2.065966644	2.844963887	2.426635771	0	0	0.498302212	1.25584774
uvig_75870	0	0.022660806	0.107351072	0.07476386	0	0	0	0	0	0	0	0.084914074	0.064494831	0	0	0	0	0
uvig_81464	0	0.178657266	0.156732104	0.174647864	0	0	0.035142222	0	0.428206962	0	0.129454962	8.149236312	0.24482166	0.069774887	0	0	0.057312236	0
uvig_89698	0	13.79736083	0.385191959	2.892222231	0.306240878	0.313967732	0.283392128	3.299733957	0.39464285	0.209151049	0.426099658	149.9619513	0.173562941	0.48229296	0.24185572	1.144270494	0.396149519	0.443732041
uvig_98916	0	1.974377621	4.440418713	6.982791923	0.15022493	0.051338433	1.966091779	0	2.008497029	0	47.40597527	1.233057421	1.72409375	3.46993384	0	0.118171824	1.425080539	0
uvig_100152	0	0.987211672	0.791086881	0.437516424	0	0.050573359	1.115122654	5.740364463	0.834334757	0	5.559464865	0	0.419358108	2.330606552	0.233746114	0.116410762	0.127622108	0
uvig_100318	0	0.176671223	0.096570563	0.2466048	0.022748718	0	0.072176324	0	0.087946643	0	0.056974099	0.186723176	0.077357429	0	0	0	0	0
uvig_104399	0	0.087928232	2.823232894	0	0	0.05029947	0	0	0.047418073	0	6.061813161	0	0	0	0	0	0	0
uvig_112568	0	0.537752194	0.127374718	0.665318854	0	0.184573145	0.035699694	0	0.043499975	0	0	0.201505323	0.114787083	0.141763499	0	0	0	0.782574227
uvig_118796	0	0.32754213	1.570360649	8.91858633	0.046240401	0.040634662	0.220064845	0	0.306455293	0	0.20955905	1.887864969	2.532708387	1.726948547	0	0.405312577	0	0.516862396
uvig_122251	0	1.743928337	8.567496643	1.461249718	0.046336429	0.031670371	1.898938207	0	4.314212035	0	0.593141634	3.884005253	6.749156824	8.708274108	0.439133942	0.109349233	0	0
uvig_123540	0	0.061176311	0	0.050459119	0.025601049	0	0	0	0.272177856	0	0.55568719	0.038206422	0	0.403186075	0	0	0	0
uvig_126164	0	0.037756299	0.556462595	0.394464692	0	0.086394178	0.183811698	0	0.325780401	0	33.94370266	0.408718771	0.743251553	0	0.099826785	0	0	0
uvig_128497	0	1.214736423	2.913707789	1.496557304	0.128694338	0	1.122871234	0.332802397	1.890624875	0	1.246283091	1.728544439	13.96031479	8.674630193	0	0	0	1.118840857
uvig_157795	0	0.089343725	3.06854928	0.036846008	0	0.076663808	0.059312518	0	0.036136066	0	0.06242633	0.083696712	0.572131868	0	0	0	0	0
uvig_160907	0	0.235138065	0.309422207	0.290917991	0	0	0.052033614	0	1.236354782	0	0	0.391601867	0.557687948	5.992139508	0	0.077405059	0	0
uvig_169825	0	0.116993096	3.764156207	0.385990491	0	0	0.15533615	0	0.425872468	0	0	0.401861134	0.10405425	1.696309745	0	0	0	0.212820568
uvig_176172	0	0.702395154	0.219091867	0.200267695	0	0	0.023027076	0	0.084175276	0	0	0.086650197	0.074040153	0.091440525	0	0	0	0
uvig_180978	0	0.318267071	5.280795502	0.242920952	0	0	1.236190152	0.205626168	0.330462491	0	7.368407397	0.094933603	1.460125634	0.100181868	0	0	0	0
uvig_186352	0	1.769634784	0.352239236	1.962515288	0	0.102082901	0.098723148	0.965582581	0.096235097	0	0.166249527	37.57644107	0.423239556	0.156811861	0	0.70492934	0.128803339	0
uvig_186796	0	0.317840173	0.195183953	0.029128804	0.029557708	0.060606975	0.023444911	0	0.257108009	0	0	0	0.175895162	1.861994992	0	0.069753168	0.229412976	0
uvig_197398	0	15.49145163	0.176095212	2.169198684	0.077778756	0.127585943	0.172741567	0	0.097725226	0.063743972	0.116878	0.458497201	0.218202655	0.097993832	0.147423065	0.220259892	0.201227328	0
uvig_198367	0	0.117186425	0.07401966	0.231977001	0.03923212	0	0.062237136	0	0.037917886	0	0	0.05854912	0.066704766	0	0	0.092583791	0	0
uvig_202570	0	0.070655416	0.083679005	0.058277624	0	0	0	0	22.79045367	0	0.049368418	0.022063202	0.050273027	0	0	0	0.076497265	0
uvig_202790	0	0.278008703	1.621874771	0.433132911	0	0.053011758	0.061520442	2.674282958	2.048974491	0	16.33862529	2.257120918	0.395619748	0.081432565	0	0	0	0
uvig_210757	0	5.739866856	0.427971593	22.06691108	0	0	0.411253311	0	0.532430413	0	0.297579872	0.398973584	0.427000505	0.10206794	0	0.07647241	0.083837354	0
uvig_219547	0	0.127226373	0.100451618	0.139917573	0.035494443	0	0.028153876	0.458941551	0.13722167	0	32.29878168	0.105942195	0.090524622	0	0	0.167526512	0	0
uvig_226224	0	0.070231816	0.314225448	0.386188217	0	0	0.062166289	0	0.113624166	0	0.065429919	0.409377298	1.166004582	0.678871476	0	0	0	0.851718345
uvig_227995	0	0.056999547	0	0.094028125	0	0	0	0	0.069162308	0	28.43631809	0.035597908	0.121669642	1.42750369	0.226058234	0	0	0
uvig_232204	0	2.068864879	3.397623507	1.774687325	0.1385245	0.094679768	0.879011201	0.597038513	0.669420388	0	0.30838596	2.377404234	1.27577414	0.363599353	0	0.108967884	0	0.401434057
uvig_235700	0	2.333635215	2.127328624	1.578713914	0.086259358	0.126336847	0.029322923	0	0.440668741	0	0.06172466	3.181507004	1.770434982	1.047972053	0.116783807	0.348965593	0.063762325	0.214262937
uvig_250717	0	0.180997353	0.138823467	0.13649305	0	0.017749679	0.027464802	0	0.117130239	0	0.02890666	0.678229313	1.287839668	0.327188217	0	0.040856563	0.895827955	0
uvig_268562	0	0.07421666	1.611439067	0	0	0.031841809	0.418796109	0	2.626553662	0	3.733684796	1.239876052	0.026403469	0	0	0	0	0
uvig_279364	0	0.496900751	2.057664996	0.60187914	0.279196086	0.131193592	0.119955252	0	1.090616737	0	0.077693976	0.876734431	5.617350423	0.494663207	0.137810575	0.027453092	0.300970584	0
uvig_297180	0	0.147302811	1.511938675	0.267294545	0	0	1.46684627	0.637635535	1.477540982	0	4.363958793	0.404777899	0.272504674	0.388323137	0	0	0	0
uvig_300711	0	0.416739446	2.545378594	0.505870931	0	0.026988271	0.511560642	0	0.419797157	0	6.57088204	0.402675933	0.492335313	0	0.249475359	0.062122138	0	0
uvig_304445	0	0.638818852	1.266314745	0.493274793	0	0.093303124	0.577486915	2.353430275	0.615707877	0	4.064689597	0	0.483547837	1.14660037	0	0.107383491	0	0
uvig_304456	0	17.1079409	0.313348986	135.8946795	1.471013413	0.145947967	0.150554161	0	0.252243492	0	0.316916026	0.212449051	0.443744233	43.86728961	0	1.3437837	0	0.412537866
uvig_309662	0	0.233751266	0.147646702	0.07712059	0	0	0.15518019	193.5160071	1.871957496	0	0	0.686127635	0.166319644	0	0	0	0	0
uvig_320251	0	4.158233817	3.353487552	3.57676253	0	0	0.335206244	0.642854004	0.720790314	0	0.083012714	3.33892341	6.762704686	2.270707016	0	0.351989559	0	0
uvig_332892	0	3.602327555	0.150886935	0.709317607	0.095968249	0.163982754	0.152242322	0	0.123671221	0.131085439	0	15.9213818	0.163170884	0	0	0.301967006	0.165524499	0
uvig_350279	0	2.276522188	2.261932779	0.991599091	0.042817012	0.04389734	2.17357264	15.50141686	2.545035293	0	12.43926934	0	1.16480018	3.101858241	0	0.505218844	0.110775143	0.372241878
uvig_360064	0	0.191479342	2.517518416	0.851475503	0.055742771	0.014287308	0.116063508	0	0.26264281	0	5.642474133	0.06239193	0.361337887	0	0.066034823	0	0.036054089	0.121153912
uvig_360071	0	0.112666744	0.213494542	6.22625536	0	0	0.119673512	0.975410035	9.004498011	0	0.06297809	1.280619806	3.382967069	0.653432392	0	0.089012991	0	0
uvig_360411	0	0.421026206	44.31520588	0.622688515	0	0.199323014	1.118024778	0	0.187904824	0	0	1.323783819	0.165280146	0.765461514	0	0.229402834	0	0
uvig_361314	0	0.210670324	3.089075096	0.297881101	0	0	0.199796388	0.651383579	0.243451324	0	0.210285377	0.206752653	0.856554279	0.158678305	0	0.11888662	0	0
uvig_362152	0	1.985277275	1.627763772	0.965696776	0	0.087360053	1.6728002	14.32291451	1.482401625	0	10.49258102	0.317913995	0.778725863	2.952306746	0	0.402174208	0	0
uvig_362220	0	0.516710201	1.859986252	0.073323038	0.018600669	0	0.014753885	2.886069676	1.851689312	0	0.698779801	1.124248142	0.411137415	0.058587681	0	0	0	0
uvig_371255	0	0.195997594	0.383190364	1.123933669	0	0	0.086744468	0	0.150996979	0	33.75432777	2.692938912	0.425011805	0.098417804	0	0	0	0
uvig_371543	0	0.576340989	3.483487646	0.53547933	0	0.068213107	0.334238255	6.882290106	5.81965041	0	13.03456843	1.64663146	1.027557948	0	0	0.052338094	0.114757396	0
uvig_372112	0	2.140918704	1.755736111	3.258550451	0.079198337	0.121794921	1.162159202	7.680232004	20.20795344	0	8.198549532	1.211486367	1.918872076	2.369831279	0	0.186899977	0	0.344266645
uvig_379756	0	0.33004445	8.599360677	0.362967342	0	0	0.419953623	0	0.756444243	0	1.498958267	2.439116893	0.50880821	0.290023649	0	0.108647276	0	0
uvig_386033	0	0.058780782	0.139231149	0.242416261	0	0	0	0	0.14264726	0	0	0.073420686	0	0	0	0	0	0
uvig_390157	0	0.254072022	0.190572504	0.356255967	0	0.043602679	0.10963583	0	0.082209812	0	0.071010176	0.111072863	0.117505928	0.267916258	0.100764087	0.250913777	0	0
uvig_396786	0	0.455353865	4.951636618	1.536474077	0	0	0.34351734	0	2.277047405	0.141974045	13.44971391	1.499468745	2.061787759	0	0	0.08176247	0	0
uvig_398907	0	0.130995097	5.791924074	0.432186717	0	0.040874145	0.237173368	0	0.221562884	0	2.612737366	0.096684931	1.118473922	0.156969254	0	0	0	0
uvig_400047	0	0.10007187	3.128866196	0.264130391	0	0.068695507	0.10629536	0	0	11.18876692	0	0.124995705	0.085444249	0	0	0.158124681	0	0
uvig_427577	0	0.138612243	0.14592178	0.076219608	0	0	0	0	0	0	0.064567516	0.05771164	0.16437657	0	0	0	0	0
uvig_427961	0	0.218059528	9.258864129	1.159089398	0	0	0.160847704	0	3.665059101	0	4.435449113	0.438817196	0.379266788	0	0	0	0	0
uvig_430938	0	1.393929361	1.277455811	0.554335745	0	0.042717818	1.206307165	7.003700634	0.644331753	0	9.28747691	0.046636621	0.549040027	1.640495265	0	0.393314888	0	0
uvig_436746	0	1.421221825	5.0676662	1.285687651	0.511615139	0.052452385	1.907300301	0.330758035	5.290899421	0	1.067782185	4.103934842	14.24425664	13.77803423	0.363646239	0	0	2.223935923
uvig_436944	0	3.204362842	6.738572534	4.447365036	0.103150851	0.05287674	1.370457143	0.666867927	2.816395283	0	0.861136684	3.463649474	11.35606009	5.360860631	0	0	0.667173506	0
uvig_438759	0	0.157148011	1.69570883	0.47526595	0.109605442	0	0.399915082	0	0.550855644	0	0.073201736	0.785148775	3.354437605	14.49970502	0	0	0	0.76230889
uvig_439493	0	0.243983729	8.090771697	0	0	0	0.190556711	0	0	0	16.12507486	0	0.081694253	0	0	0	0	0
uvig_440891	0	0.185664487	1.218541409	2.143943123	0	0	0.077035547	0	0.150188147	0	0.129727663	0.188423597	2.675121088	0.305908183	0	0	0	0.168869886
uvig_451559	0	0.10681494	0.573483204	0.158584554	0	0.018331092	0.04963778	20.69124	0.155528979	0	0.253755035	0.08005092	0.334406146	0.084476418	0	0.021097435	0	0.155444496
uvig_482941	0	0.122861855	0.116406734	0.040535305	0	0.04216998	0.032625665	0.797755499	0	0.168550355	0.137353839	0.0613847	0.06993533	0	0	0	0.106416141	0
uvig_485786	0	0.805469322	1.834896734	2.875275587	0.088412492	0.090643254	0.490896012	0	2.072181137	0	0.996429727	2.737854311	5.468040569	4.873370593	0	0.10432222	0	0.384319583
uvig_486069	0	35.68825245	0.283074119	0.345003535	0	0.051273794	0.039669016	0	0	0	0	0.03731833	0.042516617	22.84122331	0	0	0	0
uvig_505862	0	2.606924352	19.45251437	3.743404676	0.113051309	0.023180748	0.448356461	1.169398667	0.065558527	0	6.833031728	5.651959021	1.806835204	0.569735572	0	0.320147435	0	0
uvig_509703	0	0.135785289	0	0.373325665	0	0.038838084	0	0	3.606405146	0	0	2.402721717	8.244437048	0.536940563	0	0	5.73347307	0.329340258
uvig_510223	0	0.040941179	0.032325119	0.059095549	0	0	0.006794894	0	0.041397791	0	0.336125885	0.025568981	0.029130633	0.067456312	0	0.050540324	0	0
uvig_517098	0	0.013375024	0.105602537	0.13238299	0.022388708	0	0.124309667	0	16.20739399	0.183487787	0	0.066824794	0.11419981	1.621939403	0	0	0.115847054	0.583927817
uvig_521516	0	0.394178392	2.664852579	0.020320258	0	0.021139717	0.016355173	1.333043503	3.218490077	0	0.619696556	1.300117552	0.482053343	0	0	0.097319638	0.106692348	0
uvig_524389	0	0.068360047	3.346369011	0.067661244	0	0.023463277	0.090764215	0	0.044238374	0	8.043557816	0	0.233471117	0	0	0.054008237	0.05920969	0
uvig_524473	0	0.160226372	0.060241322	0.100691096	0	0.026187921	0.091173687	0	0	0	0	0.085770964	0.065145666	0.120683581	0.060519263	0	0	0.111034529
uvig_533478	0	6.823239866	0.302292878	1.736869525	0.320444337	0.281596768	0.217863082	0.591904405	0.353954052	0.187586982	0.076433515	21.2980393	0.21404365	0	0.21691971	0.108030838	0.118435127	0
uvig_537319	0	1.588851068	5.355655234	1.738942887	0.102292623	0.052436799	0.973651175	0.661319502	4.300667946	0	7.429555679	7.938277179	12.65296789	8.296583817	0	0.120700065	0	0
uvig_537728	0	0.036659984	0	0.564436935	0.184097546	0.419427923	0.259599172	0	0.039540106	0.167642304	0.068306928	0.030526997	0.226065318	0.128858551	38.57740536	0.33790663	0	4.445845601
uvig_538036	0	2.028489172	11.89755684	3.741154981	0.253082745	0	0.518586033	0	0.46882576	0	0.070427222	5.728372864	6.956617316	3.786464616	0	0.248853915	0.163692399	0
uvig_540412	0	0.180208871	0.028456793	0.26755006	0	0.061853245	0.023927012	0	0.26239496	0	18.86217331	0.29261905	0.538536361	0	0	0	0	0
uvig_541923	0	0.172734714	0.125203828	0.504498551	0.014220194	0	0.030078217	0	0.064137886	0	0.015828637	0.084887572	0.374759205	0.119440608	49.97568223	0	0	0
uvig_542539	0	0.176246394	0.079517365	0.041534461	0	5.790063485	0.033429856	0.544946269	0.040734183	0	0	0.188693321	0.143318338	0.265499939	0	0	0	0
uvig_546341	0	0.275454546	3.197032634	0.181759162	0	0	0.1828657	0	0.133692798	0	0.076986342	14.86335217	0.803569372	0.290463903	0	0.544061011	0.238583486	0
uvig_557689	0	0.789791192	1.440684493	3.380704169	0.319114692	0.116845132	0.3796784	0	2.269124526	0	0.266407272	2.279146113	7.915820242	5.994914551	0	0.161373866	0.117943695	1.188991892
uvig_563845	0	0.034627776	0	0.142807491	0	0	0	0	15.95236764	0	0	0.021626074	0.024638495	0.091286559	0	0	0	0
uvig_26361	0	0	0.046690634	0.243880099	0	0	0	0	0.047836213	0	0	0.221592118	0.042076495	0	0	0	0	0
uvig_508641	0	0	3.417160726	0.185926275	0	0	0.029929309	0.975766414	0.072937554	0	0.189003299	0.028155774	0.641555087	0	0	0	0	0
